CHM,NDVI,CanopyDensity,Elevation,VHI
11.236203565420874,0.24810634307089574,0.4093645469887248,369.0811976835592,0.37131426379585714
28.521429192297486,0.5335207579026865,0.39758303925759986,418.6725588765489,0.6608417308384761
21.959818254342153,0.7983566687011266,0.9250036644168294,200.1871595169996,0.751855359849662
17.959754525911098,0.685779909127649,0.3996369598796049,349.94963984279957,0.6273538746403471
4.680559213273096,0.7452489182891598,0.4175597809029048,328.69839325749945,0.4968786082633642
4.679835610086079,0.6270266933685739,0.807518609934371,433.13215071530846,0.5022430020398225
1.7425083650459838,0.653821251614282,0.559791873960432,462.4348241925042,0.43897796352873913
25.985284373248057,0.7793565212522554,0.821368445564145,104.86270859095472,0.7207893455645478
18.033450352296263,0.2997344070873488,0.2522929260515082,369.6079676235171,0.3900489307305195
21.242177333881365,0.4915399709145124,0.5900569549387075,120.73431964789161,0.5540336966904664
0.6175348288740734,0.2769675534556818,0.22689088014662612,319.54346603094234,0.20323698019199665
29.09729556485983,0.8901344063973177,0.25012256276428363,215.0530916174713,0.7754611718756629
24.973279224012654,0.8552474717492906,0.9251499626755288,222.71063980885648,0.8030954706713047
6.370173320348284,0.13154144909480472,0.31139629689407616,241.18340138094263,0.2120772132081635
5.454749016213018,0.6644601380125508,0.6259365458201738,348.51697961984405,0.47221870589551457
5.502135295603015,0.8401986539325327,0.5288764820805653,233.61998626750767,0.5944354879331241
9.127267288786133,0.24446027610186682,0.47787466100707415,393.07962023611213,0.2917524520515682
15.742692948967136,0.5543561844421036,0.919866676549818,261.81095422954786,0.5702383353512982
12.958350559263472,0.8323906380704335,0.2174587174203916,127.34128012398344,0.5378117365379378
8.736874205941257,0.12715678286863907,0.7310317489404714,413.5039369936429,0.2847478235524391
18.355586841671386,0.6579362137974719,0.9707155473708404,214.3033298370824,0.7016785974050506
4.184815819561255,0.33787920589804066,0.6481345467694736,273.10675183970505,0.34511512979333575
8.764339456056545,0.8395169563012244,0.9494579696264736,374.17755328876063,0.7134454256770848
10.99085529881075,0.8768465961322942,0.24180630342881904,232.9824628594848,0.6168898808040312
13.682099526511077,0.8554131912907471,0.5350346552593291,122.63426245868625,0.6145019771508083
23.555278841790408,0.479371373325971,0.40812623276964094,249.56841880512545,0.5452297856171496
5.990213464750792,0.7896341207914508,0.7846567719845838,477.77943307772136,0.5962341661021122
15.427033152408349,0.7756395188280564,0.9850376723977974,356.69375891942326,0.7618497087838804
17.772437065861276,0.3552803785946045,0.4052240499553983,368.5916594668828,0.41381846548979573
1.3935123815999317,0.7631323793205419,0.7233396811792596,352.9128614550559,0.5624273040167145
18.22634555704315,0.12960610777239412,0.35847810620779214,179.5968555837747,0.33757644843903223
5.115723710618746,0.5770159027856424,0.6522642036572879,267.33354564091206,0.5133101183041985
1.9515477895583855,0.28400706983016244,0.571145989350669,400.3759193453273,0.2724473033525464
28.466566117599996,0.19645350862182306,0.9776042637052298,140.54915902126368,0.5559713647077589
28.96896099223678,0.16156256130336732,0.6868218181571732,211.1411104358849,0.5558363571982783
24.251920443493834,0.6570310207025118,0.479605097669455,210.52764338634145,0.6382621845518943
9.13841307520112,0.37189997101445293,0.2912766279103467,272.8075710378024,0.29657534939954416
2.930163420191516,0.6798134172230091,0.3209974629879477,492.147496376874,0.4099760982914882
20.526990795364707,0.15228507263915392,0.3802535439609881,127.00101867352878,0.3632069640674032
13.204574812188039,0.35223227026448833,0.4007733290722384,307.480397752238,0.33771842609223257
3.6611470453433648,0.5315930339002698,0.8804928462729102,171.7458728048842,0.43228057685697796
14.855307303338105,0.7325785318711708,0.6489782306260199,488.27061816389767,0.6738422964445254
1.0316556334565519,0.35500200234565593,0.6187127290994932,145.32140189098567,0.2918449082135881
27.279612062363462,0.6007131011496073,0.291815097495374,261.4404009446365,0.6498683318663491
7.7633994480005075,0.8087821985889497,0.8881117546795481,395.15399393384246,0.6588048018921682
19.87566853061946,0.5926905505458436,0.778251442566787,381.8217712109781,0.6854333727649086
9.351332282682328,0.28636757980290706,0.2541346895200013,269.09145475757293,0.2673842565788097
15.602040635334324,0.11952062524523042,0.7662680777838149,238.6096671810873,0.3277372848874107
16.40130838029839,0.7960790991207439,0.6348305738741169,259.0449514211482,0.6539780550139921
5.545633665765811,0.11701552868030972,0.26538027659742264,205.71050526345573,0.19189071000123661
29.087538832936758,0.7997613381473595,0.5666405132229252,182.13317548271993,0.8130307389736781
23.253984700833435,0.5231497072217696,0.5877570297040375,293.215879023556,0.6199669995323245
28.184968246925674,0.851254158810317,0.3326196321306206,207.41350242704294,0.8063012045040865
26.844820512829465,0.7390265886189323,0.9565585176002258,214.98466595890005,0.7604771343013658
17.936999364332554,0.89834728842667,0.8799802971845296,362.70242538982285,0.843395208954602
27.656227050693506,0.3805694523613682,0.7352178698632867,487.4149326799569,0.6712537024034745
2.6547750615575847,0.7137506311449016,0.5698364488004858,341.45488022375,0.5211490534534406
5.879485872574356,0.42154473088739375,0.5294124332676069,130.79178682598652,0.40628202977596156
1.356818667316142,0.48390049624312714,0.7207787737207634,130.2334455416268,0.3177157353152096
9.759909922897931,0.602004370574696,0.6363454955255243,480.5692883382264,0.5258908257995547
11.660318690684461,0.798941691349071,0.2498184847055085,218.91631612293344,0.5463522409821144
8.140470953216877,0.8872667753594361,0.6100021190162654,136.82679443299017,0.6427861440811707
24.86212527455788,0.7146187310916146,0.8451228937862716,339.6178348601526,0.7311470595287815
10.702599800807679,0.434213425733867,0.5673919020775664,349.45951131610644,0.4631487895812831
8.428035290621423,0.4370856018216561,0.24156526204341475,359.4019280474753,0.41259926844939027
16.280882494747456,0.6900658412711131,0.8290225595072265,206.9608111430165,0.6664213179045121
4.22772674924288,0.2910217166146419,0.36109102570877954,106.04427368579002,0.25121984457663543
24.06590942262119,0.18837929050511573,0.40689666791043105,486.00614778178874,0.4144978079110355
2.236519310393125,0.3836977261126212,0.3317650827458367,200.357218276441,0.2511179418729116
29.60660809801552,0.3297911933232654,0.46417205189719807,370.410515221019,0.601877366987895
23.167343078899723,0.3370464963647921,0.805401204550908,382.6519479514838,0.5797188232651249
5.961470446025173,0.286886200839928,0.6155086876031499,344.0029668317943,0.32471389329333616
0.16566351370807197,0.1336745517090895,0.36390501932057007,225.16295768545928,0.12618774722741669
24.463842853645026,0.11429914778673106,0.9022640625216327,208.4385015056263,0.3899081883029226
21.205720315428515,0.8901779117888252,0.9036654839612235,339.06731308108124,0.7904538232174834
21.87021504122962,0.4422185069886899,0.8964627400368055,446.4382534446766,0.6749281692069383
23.138110400578373,0.4074613177277454,0.39103696910523145,478.69349156935823,0.502690327551537
2.2213395520227106,0.6437178261544558,0.5609914753447904,142.36232176150304,0.43920071475599387
10.753971856328178,0.2746031102920513,0.9879917249127002,161.93144503908795,0.4310047822719544
3.4760717857538914,0.8599689471601802,0.8176099810479924,477.8945035132319,0.596975821493913
25.893102776267806,0.7290760115324416,0.22173393698044785,394.61409133391703,0.699097199736138
18.698943804826737,0.17152880184980762,0.25216367300839365,453.19752993190923,0.3828655472912385
9.926940745579476,0.4340646206279427,0.5711451014498663,181.05305365413727,0.41248009435123073
1.906750508580709,0.8032946460497318,0.9273761646892482,335.03434844376073,0.6752526380395333
9.329469651469866,0.8557856178331282,0.6309614383621713,380.4558377669895,0.6008307231401162
9.75549966080241,0.47392120899989576,0.5982500064274322,372.04475417878905,0.49002055224095176
21.88818535014192,0.5907291113685662,0.2843789599653045,263.26067634667925,0.572126785601939
19.126724140656393,0.2336271568736602,0.7254240837794352,106.15795667652338,0.440821781639975
26.616382277289794,0.8929349009095813,0.8576825284801803,333.1704227217052,0.883669169890906
14.16644775485848,0.2853373611067547,0.5043360060060499,201.2406156718435,0.35064395004855015
3.587827378149051,0.8541854193081005,0.8204894807402621,280.10169845715615,0.6154270096275047
21.39734361668985,0.6197173191938947,0.9715813231206494,483.0324060335269,0.6617113014441854
22.823551458506923,0.5861894359030874,0.3630131673021513,259.61412705697387,0.6138313985311993
16.83831592708489,0.5101508088132068,0.618663704955793,435.9206426657707,0.5671929537337583
23.12901539863683,0.28453584937420695,0.4297103664676605,175.41624229970046,0.46660146899037647
14.813867890931721,0.24122242560440663,0.8342835352270714,368.9841992100115,0.45925899664944725
15.681984881459822,0.27638896725614026,0.662074692704926,490.8027817755774,0.45420447927664576
12.826230550756488,0.24915060971540362,0.7076659340402431,140.7572403491747,0.3685248381088983
0.7625738023228557,0.7236675788534027,0.8383313276927153,103.32797689087681,0.46919317361535806
3.2367428097991335,0.3801002073333841,0.5167763781299639,273.43311705304575,0.3002465052063371
0.9428755706020275,0.1462741412507171,0.9320720547256347,137.05019322054687,0.2626099472981123
19.092312337913413,0.8752821041126491,0.626423093796912,399.3537398704925,0.8030369191599864
9.4306794322898,0.8070287079707406,0.3263638582682784,465.81946553942356,0.5853598471515764
15.257120734941083,0.8422018265561704,0.756719294535042,273.60838908350354,0.7102611458607885
27.226994217782792,0.8959262581171482,0.8346090803506037,203.4846568621764,0.8312215841469516
7.478766874466248,0.23911619937558984,0.45340934165402136,273.7613276026439,0.3192600409889145
12.311487691068892,0.41699361512212707,0.8857434055990023,389.3791271400004,0.5206080909148562
22.666534156291462,0.7065907805632731,0.9249146038126133,103.6216646321484,0.7773871535893742
6.863944964748674,0.6568164944430338,0.42152358990224714,335.78159579387886,0.46339924251318343
2.30939729486379,0.22311672507188407,0.9868171781721777,345.3166739549516,0.30199925948422907
8.692543587413041,0.7526664999924942,0.31256922243900676,355.0752987583742,0.5489718592567925
4.836638617620133,0.27955245746932855,0.361612534721992,196.8088319923509,0.27388028524998137
27.89092957027719,0.2790540918580985,0.3473798713904209,385.6210893512507,0.4997759293828616
24.243611386932507,0.5295795383147309,0.9151917680062964,136.55659453271056,0.6228853898306126
19.002112695312704,0.5743519478733625,0.7234340418599696,179.70813458672032,0.6221179498598509
26.14381770563153,0.5640689662702489,0.32168342657781834,450.98801866179275,0.657232737387204
24.110162306973432,0.1731894699182039,0.5522587346946792,395.48926029062653,0.4199831027524547
5.597101766581075,0.8019686901043043,0.6922384200558416,105.4982216045381,0.6021416874600714
26.776769954699333,0.31248003407096486,0.26677126799150663,199.35050414792008,0.5115481810755899
16.18026725746952,0.20361193702624336,0.905933094725871,185.76259319726583,0.4142478243637896
24.223204654921876,0.8109984638951818,0.8428828283532281,208.32253121478902,0.7900919550229235
26.8827389977048,0.8645211985838027,0.6041654188613106,199.02390811195457,0.8207125237456174
9.540104249155917,0.7897020938123606,0.9737012922073365,125.0105182971383,0.6135825059082944
3.3015577358303028,0.7476128597799024,0.5342087834200797,283.57620663872814,0.5108012949660297
6.8380548762582505,0.6241935845112174,0.9872882552291984,393.09338991446606,0.5006357467036038
12.81323365878769,0.5406858964873115,0.7343359990429017,342.69268988697456,0.5652559402889278
24.540442977674793,0.16958940792912813,0.7077370186031533,369.14866743923193,0.42315847328843315
25.821917497690304,0.42676257045655897,0.33276391623662804,132.45967141449566,0.5706751014203586
0.2085639159357211,0.39815081360985116,0.9055422066437153,480.5962840707149,0.37466330965068595
15.322419077326972,0.307803027008261,0.5419917503364922,435.3967335372099,0.42399904906208996
12.52233009446337,0.678736090950868,0.32978672462598346,422.0361273982651,0.5354818538562133
6.663234314121907,0.49670058806301665,0.21008601598060725,429.193522016707,0.3790035636042446
3.595961020010484,0.16483697272611836,0.6478045469107061,473.08420325310453,0.3047402443608491
10.12845514210884,0.27614656155984907,0.6219196976981411,317.70158644547905,0.28522422546536663
28.287291117375574,0.6466070109276767,0.775482897895327,180.11280714705038,0.77082191379792
9.696087960622657,0.16090468759224016,0.9122064424142418,346.71344314101646,0.35522407459016125
15.563718652300983,0.780965531239015,0.26352526771442364,397.1525974671756,0.5865821675473614
21.090568766855334,0.49611722161117944,0.78519719227229,395.16695734161016,0.5813803751912109
10.908888071378819,0.48446926186131845,0.3499295552780658,308.57960966675205,0.48017718696074735
29.15346248162882,0.5739262277276141,0.8865416425257313,127.38348773343122,0.6865367146273519
28.873418848263338,0.7597447727401193,0.8552508110893249,248.44517537205112,0.7808493281197193
7.553468874760925,0.3782473663217545,0.6326350039884355,468.3066433853429,0.43971138920086156
14.917455176771563,0.6424129220472509,0.7681942388986494,333.7795639029704,0.6249891804025872
9.02634929450309,0.5525855711966329,0.4514800905469987,315.33277730228536,0.43305712199209084
8.545214831324028,0.3136226161355371,0.5769343191462517,207.5414057528774,0.3487450292341948
1.1066084206359839,0.8029039890841264,0.8573095181683774,247.37956796663156,0.5287643719603004
18.286930019396905,0.7379408172855425,0.5674121577385711,458.1384356612677,0.7147434789078625
15.080370696865845,0.6267614677267404,0.4862386122603535,366.5852190107343,0.6022845139936173
1.5443625374996806,0.7804653832753935,0.5953699578002399,414.95481070093314,0.5503113479850045
8.359393927098344,0.7938353607678419,0.8625994019497747,281.73816922706203,0.6434686329381638
27.247976578999612,0.6666903813720279,0.4681664378966982,352.0988877824632,0.7603979268793439
7.186856720009173,0.7696106626909377,0.3390092745085951,199.35344349728302,0.519935059980657
4.346846162736693,0.6579771693354269,0.7696112162646247,382.18433211339453,0.4877155464863244
14.683582808326891,0.6441126174082403,0.8607825701664655,271.04053348133493,0.632873806382495
29.56951362331802,0.5948891025721474,0.28050998281882666,277.0182059258982,0.7199248721689286
7.261658145345012,0.702173311646113,0.3918992902047558,359.7289298307527,0.4845114622404885
20.164066422176358,0.22688408423445897,0.31357759180879513,474.51224858757064,0.39808949318293907
22.848588459861528,0.8046966073591427,0.4783531292657333,125.60253864344837,0.7182808561415212
7.12912631977199,0.7974748221961856,0.5602807831243302,429.89729493880304,0.5936908081616403
21.846490458355788,0.12339782642764732,0.7990610695706453,216.95324416487725,0.3851730263422686
11.033493981577596,0.7606534004518102,0.7209180679053393,277.56778180255117,0.6546510586397151
18.969174917807383,0.20309589397875616,0.6967428539827449,108.76533151000358,0.4664480123641319
19.00589132282684,0.36809508340731356,0.48189995728772356,220.41843113372522,0.4673276961875166
16.073240522242756,0.6948066050332862,0.873158042467808,301.0524970520522,0.6371189275486685
2.708693101632249,0.22860791683864656,0.5770297339185317,122.4704309389756,0.18428533763919322
25.05907486767714,0.7543736192952498,0.9832839504121236,296.43829175326607,0.8075642167920086
9.623401949152075,0.7657073423661935,0.7073137106365894,470.84425154337094,0.6646565990125151
5.595555311995627,0.505974187008669,0.3010117932516022,142.15728724312208,0.3736191089122828
1.2232542466429175,0.10510869737346687,0.7409420496603472,405.77629123020176,0.21407811977842428
17.726788295647253,0.3296305065399302,0.4600832123453592,263.86842135039706,0.4139010211933619
20.326930855268472,0.5935415347005938,0.749061757348878,362.0694858097352,0.6123931162499875
0.49763486783568456,0.8849489424219388,0.2557129185299246,204.09463919409174,0.5238621273578228
15.36279174897843,0.6054508216133347,0.3399051497407675,163.79690501654332,0.5427268625262023
6.794873255938139,0.30784286485132784,0.8845898071246292,164.18504570849058,0.31620987316657906
19.355183712283495,0.6072045624796891,0.3817436456188119,128.19677825725785,0.6056354318330791
5.230992870149743,0.5319883037726844,0.8696329001943521,174.2586819604972,0.47525348748887464
20.728132143073978,0.7238763161209149,0.42342087076352836,365.6877539955873,0.7079314187095487
11.602060389016122,0.18558451106156673,0.7143055280469661,452.67624473740324,0.31977938676561146
28.101899662102035,0.7088223220016224,0.7553204588078648,425.6502742364647,0.7484597860601062
4.1256283243797975,0.5330132629408882,0.6101238025160424,374.05372394979366,0.42906912129235375
10.231990531507755,0.8703936030871957,0.44424854135738506,144.17274536444108,0.6247591140396941
3.404205637217672,0.3734977328309489,0.3701155010968769,215.67497851837993,0.3446584449547891
27.740808548356885,0.6060975145071585,0.226551483649941,223.9227501289876,0.6511122764652166
26.32018060142943,0.845622484408014,0.4431571209925791,199.98277855904848,0.7577040253827082
7.738248831454668,0.18200778239254342,0.7225302324250265,306.0022638838892,0.27172512113008174
19.79952138102537,0.8497827897891609,0.9506438547587861,314.221525951869,0.8291608948442102
24.516666006036473,0.6503085778406507,0.8969635858104417,242.75439006844408,0.6937686228382904
16.65602434798387,0.15426964728413753,0.8128518212282421,241.5156634945744,0.43216635488613525
15.889517350680194,0.340770853557453,0.830757874602639,431.42223916243256,0.486790521883033
7.25556872701355,0.6665376709162253,0.7319879227807962,415.71713932787424,0.6028048157398873
2.793083034176976,0.15388048117501738,0.4082294860528024,223.11833267229827,0.20186322412301444
26.916472738599804,0.5657363681410187,0.9257560245646639,465.5153775493037,0.7324758726515961
27.012541714899914,0.37670644556236543,0.7365858495246673,481.1260068010024,0.6010253770542234
18.993043718198038,0.5967324142139817,0.6483525047843519,230.69701681201633,0.5916594107877438
10.170893731461021,0.1365936270500103,0.28879157537078487,241.76997951722194,0.24389523535614294
10.476287238379827,0.7972294449219011,0.5576444350451404,302.2536613687835,0.6146206626591493
21.778670366107182,0.8787911753419175,0.568286616961541,476.4483250134694,0.7716669822608843
26.913307798577314,0.8751022842285532,0.8916508876181359,450.5277732569246,0.8792788825903568
26.61259272795352,0.6997214653943398,0.6373185761502308,141.02718503343593,0.7190701554199936
23.396266375728715,0.20406899210450558,0.5043204391763277,257.09229730856646,0.3674197400171156
19.26094938462863,0.706610556743218,0.9814402628085275,321.34847589990875,0.734544414570324
2.524198949851465,0.11966953316704121,0.2885764746610526,301.25298902061604,0.12412821416726595
4.848861422838413,0.1176988412231978,0.5380387426495556,177.5452271747571,0.16313702753808865
26.956625655812378,0.358888175319633,0.23361974013712425,443.52670846726187,0.47637381338359536
18.1928717897877,0.4909145523237326,0.7919232966135443,370.77631319873495,0.5262047527655802
0.27591154849888944,0.7163259342462346,0.9344612417593205,435.16334994072145,0.5023232625212257
3.044146285980963,0.6466363012852041,0.4240298636403916,443.50571173978886,0.4390316782870293
19.905053073241675,0.45672216510139874,0.8866733414392967,399.3423414662959,0.6564281813080945
0.1518475153865606,0.31890133302533274,0.4337745843695182,275.6842404998869,0.23221946910758945
4.82424154252496,0.8976996001261689,0.9286161293151323,344.2187020061698,0.672244475824416
16.462013680997583,0.44094504178877836,0.8031695228774272,164.14616244789727,0.525600798037156
20.756855930780798,0.4611096194637404,0.8439254214731509,369.4581669899631,0.6023264087208716
19.558837785078016,0.23089905695333535,0.2144052444803636,171.7013022957123,0.3498380519646866
6.728079283816793,0.7358476389999435,0.9702482856592207,377.5798362040627,0.5795805218045533
21.365376640426074,0.6549457806251909,0.7813367936562587,191.83926430158746,0.7133349102513699
7.117472624904002,0.2766156902310083,0.4438008763089067,147.020520060088,0.3361461671275277
9.76199094477803,0.16590483649267418,0.8635157318870776,166.11379605718298,0.2678841511606464
22.394742153540726,0.6443994416597705,0.425216958731944,100.7968540876281,0.5793084352094462
19.48898697141644,0.6236089714249082,0.8982030716529024,387.49584714141207,0.6689674867959202
25.47670231482534,0.3186076215985675,0.29006431232954966,392.96041962335164,0.46526439940258274
19.7283867690103,0.8606908498003283,0.7629487819686367,305.9733399653038,0.7829972439849016
17.049258100064147,0.2208463134247202,0.6325587813159284,164.54512042215347,0.3620195288909616
2.8102430348427743,0.4458678408340816,0.2772275761563527,133.4217350042759,0.361749886098654
11.031474091783005,0.8548927361340791,0.3935150626070712,107.6515865749148,0.6334612745281025
7.9560710304517634,0.4357818535408978,0.20992322902185184,166.2992707860883,0.34360475119547174
7.319689301372508,0.6108207581312685,0.5750143723716047,456.34221399325867,0.5402117925838493
29.190316642573368,0.4180755183702355,0.44101220860800033,196.6147366806727,0.6123466117178549
11.792931740002812,0.319372161878936,0.6786859874382071,241.70853088688625,0.38021343817434067
26.761396655313398,0.8871821183678626,0.43779024616689377,142.1381937925333,0.757654319549907
18.934158779917887,0.4274672050520344,0.4399352892055878,188.94452189926812,0.48252784083253214
23.844339106249453,0.8152793629433076,0.7945545589852827,307.68982831208206,0.8170765686558893
15.079112793155764,0.2839636847128689,0.23851426878268278,343.10107323826105,0.3631095567197797
17.307116538790773,0.2704837632200666,0.9223159961535898,198.1409256664844,0.41161816766356013
14.775530814565917,0.1249072663076091,0.8818110995129451,123.09286369004688,0.321282480869136
5.857289633941335,0.621333460300708,0.7342437465811253,256.41314765095944,0.4967086460254748
21.67356345784516,0.394821074979009,0.6745772560859075,193.68134837053367,0.524772960897384
8.423170873225674,0.7914865998717097,0.9138419985117219,187.82156929192078,0.6872052699100543
0.7294789929436152,0.47856792535324577,0.34826414362297153,483.9451210853821,0.3052318760132076
19.364168877215036,0.8745547423317774,0.2631753297526629,346.52019437028963,0.716378060952301
5.313320382211469,0.24842041256249692,0.3916081359276305,322.7513772688384,0.30860194590096124
28.21375753058743,0.7948985343644887,0.8356626229601523,266.31004140932873,0.8938684834709915
28.61785731007762,0.7212774822333934,0.22773621338118666,271.5777333720577,0.6902930402006392
27.445931706613457,0.7167374757152416,0.6662454680667917,316.36200153523237,0.7745530089072842
11.104761007663331,0.7758265824935101,0.996350012953048,378.57192281444287,0.7003277043341103
0.46369849586602285,0.7088191927543991,0.8845568750700317,380.8584384727318,0.5327018693520547
27.849556877631763,0.6009762573051323,0.6171565512348716,168.67756308217983,0.6771765194622078
12.84552444951943,0.20499590214591007,0.2509127274293139,300.04510083065077,0.30667500397137915
28.999644571310085,0.12602094359300153,0.8650988115085678,264.7832380136408,0.42740226143100135
28.908599312677584,0.8366782782525495,0.6791828065417684,448.21078650775365,0.8732909862496641
25.590283664020802,0.5933202516165904,0.2919463976476535,352.56756848735057,0.6317112052664291
8.833466762087571,0.7372298327809411,0.27508582785868496,313.0016265663927,0.5181634146076002
11.552931858057757,0.48521788121004006,0.927701455549274,146.15785687156693,0.5644690754985212
25.534100145505708,0.1938465511699156,0.7353602103504628,342.25515572936456,0.47260218249503827
9.50766015468833,0.20014863376204037,0.8634294394534046,146.88156227209336,0.3184332499579749
5.084782400582775,0.6484522297831771,0.9031831202258138,234.88263022630082,0.587158334775718
16.704037873750504,0.44424471591957015,0.6574178816386578,157.13678592573274,0.4699556780383097
28.08464322482343,0.2604197813602694,0.613957081404033,376.82945880974756,0.5212501090020962
20.88089390024919,0.4932756373931495,0.5443419282567922,182.50084553446104,0.5429998899264675
17.101835102680948,0.15136714966010728,0.45355727023289544,256.7437492752104,0.3595505195150852
2.9152948131230563,0.5655771215315191,0.5476767686869695,458.26991104751147,0.44511083830157383
18.45021680097509,0.31519472354807815,0.8191037245841251,181.7265533595881,0.4364021472267894
29.701615503127897,0.7380472805097505,0.6815387448121053,303.1220255835117,0.7776958033120934
4.202520457095721,0.34828956713885906,0.914018631963877,267.7086644664088,0.35601573299690303
15.549889570912102,0.464176119265441,0.5547040115033501,107.2496164182919,0.46938212776293914
26.321192157838663,0.10929643192648052,0.6856716629750033,417.10324542912514,0.4731241024254129
22.223058532626133,0.1579575102356471,0.7050460424735909,127.6183625258399,0.42296471480749265
20.91047222985804,0.4139948451253479,0.6733577298450604,289.70200839078143,0.4875382027654089
21.07452251961328,0.4839510677736988,0.7621070184684131,324.27131797557996,0.6269889562270172
10.784734536592655,0.580016438495443,0.38994677469984507,351.3705826458348,0.4953459690292529
8.807755327934801,0.3333300629674426,0.6098910220366325,375.4526517231502,0.4221937809617751
24.28083466435541,0.6559855089012341,0.28337984224667817,201.30895340908603,0.6392976464260288
24.30340184037542,0.7880979177513637,0.50760906211585,103.99151066337976,0.746762964161809
26.012169557403112,0.7238807911146798,0.5901336548970115,389.3774649419648,0.7607506818271722
27.397216576694138,0.13169506027868572,0.7217794076363779,314.26263973903144,0.5152562097052023
15.340271965828133,0.48440555780626315,0.960424842068963,434.4470812828995,0.5971426291126531
15.045488840615988,0.1839441427345399,0.6805208532386847,428.55534516027774,0.3826370485109801
23.948855369003255,0.293636012690022,0.7948751329412478,437.3304671151533,0.6158771799790312
19.498917923332954,0.8893300746137172,0.6050128475961623,294.03786399181604,0.7813319903469863
21.0590063177311,0.2139964343212106,0.707283225101065,233.45135833474626,0.4575745165250517
23.87378008308303,0.4991105227610849,0.2567457729070188,416.623281036548,0.5280937057808439
26.70016025452699,0.5945245874544953,0.4035132646734776,280.51764521170196,0.6087063631010957
10.139854705546075,0.6619719764352832,0.489482474564111,173.37687856137381,0.5237604807421463
11.26748857919832,0.5477189467895313,0.5779946840052108,441.9896078245897,0.5203478986986514
2.81945819522607,0.10781667793534694,0.236518996401907,453.0239507089389,0.1432850872685881
17.34840422988522,0.36116904659519355,0.31201927804265417,286.5239024560681,0.42841642609821734
1.0782682139022626,0.5141693147077692,0.42145144623304465,130.279890923915,0.38252885063466113
13.967940543973805,0.17029319931586667,0.9772261527208406,255.1304359667725,0.411663306738153
16.2793390412273,0.3805015449673447,0.4650776056824406,421.41506378504135,0.4287524314288594
8.596237563848533,0.12656248703309325,0.5856328464896661,460.7096114184915,0.27883198274150495
17.724997817070324,0.1628627977240166,0.3568781701907144,181.38909699903832,0.29823774526062163
0.9150074981714829,0.4175386209612769,0.6886240568606146,126.7894448101086,0.31293067710045225
1.1204456624764325,0.2061726032344483,0.4245465724127795,450.94018125313545,0.20943179679165805
24.678016819789747,0.5540326786092465,0.36559406275074147,255.7619755915501,0.5837764963859554
10.805719242337886,0.6515719753098126,0.6132581027567833,316.70438570702527,0.5152658825459789
3.8118153795565437,0.7404693592872663,0.20440463932833666,487.22632482030355,0.4835871794954414
15.667297801644132,0.2601201953958481,0.20613122611938028,126.62589116568914,0.3041627669225643
23.099806592958323,0.2339860658072558,0.37525504728148623,359.32720298083825,0.3488117955979708
6.4746308249052955,0.1836542722675202,0.22937709000065692,129.64216902994684,0.25627443974670483
18.686714274570008,0.6091441996349094,0.2864206033045531,250.18757138660015,0.5858388691086629
2.56042394981304,0.665180581189521,0.4710885194710013,421.5258180773787,0.4577595135254635
1.550451635058231,0.12526891586051364,0.8420685436638504,273.38889310225375,0.22668743896041635
15.94063894704444,0.8489697969949519,0.6576389146954407,498.87294156118014,0.697246612447857
16.219053648303195,0.14157702692117793,0.6101341807651331,323.62371397864086,0.40332382764004693
19.122897044946196,0.5330370682408564,0.43479105856649736,228.4648610543814,0.5959429318298558
21.782740011679845,0.6672484155607331,0.9454029755462532,188.04453036190125,0.7089684323717363
29.27556238387604,0.7967752989968685,0.5176120329897533,240.20821371446473,0.817017024325526
15.48901044903586,0.6712695457059422,0.26967421343661724,249.01330950382032,0.5548612764148175
9.68869418823738,0.7413824664558335,0.693653212894241,127.4854710895844,0.5349600777643468
23.85558584306111,0.3715601540342449,0.29107071478128116,247.82967977070928,0.4741205515673546
8.124967537862226,0.7518600909972099,0.4761785142413537,285.69540789569,0.5557762630035502
13.169142621169083,0.16409187710774012,0.605929550974247,389.09510089552185,0.32712725346133487
2.353691440267979,0.8158533248484221,0.8993780197481407,362.6917938886432,0.5926471557021412
0.7605223024637253,0.538073900922989,0.5948372642720949,383.5062620916617,0.39856405916313026
28.87945244033775,0.753838215969995,0.7618070128253314,103.34547275074284,0.7779765134700537
25.079403615366175,0.46185462761464013,0.9942534711992563,187.06695983221442,0.6433104953348217
20.87922618281094,0.61486215615722,0.30519129591838534,364.6737153599426,0.563268096722572
12.268588332428097,0.5211221287488906,0.4197852204156156,293.59574727189886,0.44890371469621787
5.1988296021253735,0.6852716174042655,0.5156608604781172,102.12539026733837,0.43370137960752225
4.693111280132581,0.16530398562447168,0.5374625428310651,421.79785697272894,0.27976168565039855
7.50728694493786,0.14828166719245106,0.5288168602124366,409.12382931613496,0.20400730248677673
16.476799941183614,0.29768258720811713,0.926088802045244,319.367665197425,0.5145512817718672
21.43787768100187,0.22763574409055068,0.7712261155734852,126.58533031050885,0.48879421439801574
19.80592130153194,0.7974268532737614,0.686324171272563,406.60601981303387,0.7289816002102352
8.398016908378285,0.2753711898864355,0.4474981742902257,333.4854350925456,0.2398820569222837
28.645958419895823,0.8806922046553051,0.8590323073770358,412.78399086318365,0.8839192146320455
22.136907500873054,0.36951663341688545,0.9640484091879913,400.6987969583362,0.5863964778764994
16.63062157534202,0.24569433255095943,0.8569586260401814,421.20082878313485,0.4275293329349515
18.351622387030567,0.7317588057139833,0.20125208415317833,307.20322656184993,0.590027290856258
12.588001872833697,0.6269662204007009,0.7091210961467256,156.129807277406,0.5986533752262726
7.431929685034724,0.49855657316251123,0.24090830515368059,368.4629893518755,0.4132395177426916
10.679180359537847,0.544290840750105,0.4060857762669775,348.18951402078824,0.44313685623173316
22.735383313931074,0.6753614226178111,0.24761976027821736,396.90127487963485,0.5913621927620403
0.43180465889267605,0.28276379306503896,0.6830363623595102,167.9524024202941,0.24683892824961637
3.482179215207487,0.8970671328453935,0.7492719307940854,177.99007996011568,0.5990912048083857
1.3800792606525825,0.8798345297174265,0.2915901104527241,456.16380688773137,0.5568630255150135
1.221864069569104,0.6202605490775495,0.5070711064359836,399.9911193808283,0.4198489697454371
25.663817520330216,0.25963396074331613,0.5649892071644336,463.29139548012915,0.5319599483454973
21.109735781400712,0.6441825939450331,0.4952424174087333,403.4861284655683,0.7034654046578365
14.225214872619755,0.1577587271833407,0.2968200003881545,338.86212239612075,0.31997730834893406
2.935024819530044,0.12452200176464485,0.5351582321499804,361.65309481114946,0.20314896553159043
14.74847625350497,0.3061463108089709,0.8009424382467345,455.65116957600395,0.45966116574194693
14.20415312341697,0.4700983653914531,0.2568061316266044,331.5227018047762,0.43385177737408775
5.196056097300455,0.7946180043267045,0.2641440112655228,352.956529731355,0.5559299584161689
13.01554947713919,0.6817352558130464,0.4838170334687874,162.59068640144022,0.5326001101198742
11.955142031921204,0.6941652169599848,0.95338056929514,289.5684880464411,0.63469385646928
18.475502941566493,0.44039466755846035,0.7348581173783313,386.5588447832396,0.5525368734559822
19.052809526029314,0.3767479940375703,0.7429359653380518,208.37707932654615,0.48883609621125834
1.3591202931613355,0.3968310103876822,0.489535992670292,180.90167220981397,0.254375849615702
11.238378438794136,0.8901196509888463,0.6749286329668307,225.53072328976623,0.6840634803471399
18.77579747142709,0.13208735312998598,0.20810494722219472,196.6002511971334,0.2952623056065733
15.094087757402631,0.7936251968979589,0.7088768371276337,185.96505481455836,0.6798378475270677
25.694695235649668,0.5629403268579147,0.9306295580609893,269.9403371472348,0.6832460824448318
19.76080894856835,0.4508923353516724,0.6900587746758553,463.13540555341365,0.6085796380214661
4.888032812442891,0.6802061283321092,0.8989588747730761,302.8238586954873,0.5228769924070256
2.1170624220128955,0.4893351531397623,0.7791784443728751,175.16815232612922,0.4434721950072443
19.27257834618947,0.7987385904653285,0.2964467331229522,130.78866775234962,0.5879815768371977
0.7953393162486544,0.8205614912090068,0.9219626458286734,378.4624580551701,0.604379444834894
17.5732674382039,0.4373767414987644,0.2531550754846199,253.11950577455514,0.4657971651517322
28.206907242748727,0.3214622377880413,0.6271739780382111,428.7323786341437,0.5541011233182811
17.26422533627637,0.5738802628746899,0.31370969903476614,363.8043074563081,0.5523461962231924
11.645097786195658,0.8298906764933528,0.20936528858472325,418.4965802165474,0.6409987420162148
19.298646553270594,0.26852975120453326,0.5376274081021113,208.7784157673795,0.35498818914058977
13.747586714745498,0.5983732668507863,0.436032566123325,376.9435689844232,0.5517676758391242
16.36850367947805,0.6052481760740165,0.5888003950380825,205.6247938774875,0.49303415871228473
28.243944263295756,0.6864904179322248,0.6617599093876407,475.6273917801166,0.7429321178740345
11.583079134023228,0.20525414810180787,0.2349912578471579,354.54971261334975,0.33440025909190696
28.835716914717427,0.6726599717456708,0.29840263609899653,229.80472007013682,0.6682196794418647
27.160519258681912,0.8272260165325128,0.6469139171603403,207.80474491690904,0.7605144826094711
5.873734043678893,0.2437464870961936,0.4745338825381266,176.3706340286574,0.25539886374964643
2.0808390262549636,0.29003465993910216,0.7833387900395585,377.85638355749114,0.3800957768276274
3.0233400413227995,0.8771160752333117,0.7218333188735517,187.48624519917092,0.5330517490946322
0.5466547695464918,0.24478156216759184,0.8764834903919254,338.1213063709956,0.25755571828524376
2.8332888226778516,0.7835080746956633,0.7539942613353803,205.85401077014293,0.5913407666165738
20.490203202490704,0.49382228515842785,0.5439448619121185,364.7875779175474,0.6222344214367642
2.13565945380687,0.29778485952254163,0.738373297915546,425.9758914162157,0.3186490686849898
9.56926890881284,0.7965999210180091,0.42030493940433483,411.21009725786126,0.5587680715892165
25.346259329083637,0.4562442040021324,0.44505079902257016,404.3405323723127,0.6492601867461019
0.698158072074776,0.5118538831437521,0.8311881279366347,175.08896227690082,0.4448061335202076
24.434054477668074,0.38738669551981253,0.5571356131212657,135.35397879380747,0.5463918914868698
8.455643243201997,0.5743606811479419,0.838704272414682,379.57953139495424,0.5081177848244399
3.5449448286496876,0.23081909806801823,0.8579378989346227,247.33888551774052,0.2964961626252759
20.902114960924518,0.41286522932140857,0.8860498701290271,272.9384905613389,0.565167753678126
18.86828540339652,0.87552985786823,0.9333081886729659,112.45963711735642,0.7779270050471621
26.32416040581159,0.306506746160902,0.544788176410637,203.83057971001966,0.5547220692078549
22.052131314116572,0.6253893316330338,0.4550934546569111,113.47056154978561,0.6295463285840645
24.104427911545457,0.3601520513797559,0.6657589972752911,451.67430904049905,0.5326221607171457
8.461037177139195,0.7187785005492805,0.49693793875010206,197.3586732874122,0.5720050405200602
5.323186313391685,0.20469892857467986,0.6808593334401865,322.9348678292032,0.2949710501163298
22.51844254922575,0.8758568360628358,0.7644686901150597,115.59172826445217,0.8003440869497583
24.20504217801792,0.4630316331069114,0.7507240147937095,366.7389565222632,0.6635134358963323
29.7151542600202,0.28884037067717117,0.4996423096160971,229.21093830163755,0.4993220341835003
12.378530307342794,0.15879739786401015,0.3334881613590023,459.16767478306633,0.29702841819597275
11.160542573783495,0.2358063240700326,0.544423470769766,455.24727557361433,0.3396343812942415
23.292388822259905,0.5158191588448141,0.314075315265527,230.1162473446991,0.507173513091959
10.224106207590536,0.3696025411450291,0.9120776281470466,460.38435827618713,0.4793033209831479
27.92271976810694,0.7631066927060876,0.47670196859028596,498.46306939951154,0.8574404195451277
25.752382555290353,0.44471001892944473,0.32356779777865907,430.1662656495792,0.5144824555554496
12.869820821250551,0.29897141807010397,0.2203582079246007,437.9485391020916,0.35251279749252495
22.526132033744922,0.5937159892832241,0.7166579090291874,199.60349444363595,0.6612847261911371
22.63628622254047,0.6654217735083566,0.7095218539637946,330.6809595431025,0.6980294930667253
3.0937160650779783,0.2336335263207599,0.47248333326503333,126.90236558694714,0.21859537792381092
27.076587200387,0.23409537303065414,0.25736951107812084,137.96717472866789,0.39218839111862397
15.157571173435715,0.1293371415468344,0.5277031159161856,499.5570448133162,0.3523279827850716
24.793723983232248,0.6891216120525124,0.44897399605071486,230.65569977036438,0.6534731884270037
9.601488030918352,0.631043622097444,0.7416965117880074,399.27356481953854,0.49450271257919237
26.865696854886014,0.47970470059985115,0.6846233995621522,422.66602121072657,0.6873738480498612
11.676050362024894,0.7753363591753577,0.491674982558032,443.2093084028917,0.6498326687372552
0.3251295444089508,0.7445361223600425,0.3743140434039921,499.0513189608626,0.4830977073103498
27.16145929257791,0.5682834915174018,0.9904287729244736,196.59859410274714,0.7232677195321654
2.7386003035840067,0.7946170244106069,0.5632012969568919,116.14033074387989,0.5434217915091292
9.579409127712445,0.26467296802941465,0.7506193886241896,264.47660719783437,0.368013249188532
28.501859011524147,0.1895356955181823,0.31244237406268865,152.0322679315788,0.4602773541180227
28.51821440812668,0.3157996892135917,0.5884717597275182,108.97035566482205,0.5235495810790776
17.203136643698585,0.1456694848714519,0.2220293758955724,244.17073085659445,0.3355513687713403
18.95511636509398,0.5249356224008256,0.6043640943283599,413.4953004300946,0.591484073332349
13.453365659349593,0.8492845538359692,0.9712139256941619,326.4722764900283,0.7389886152350346
8.796323150941936,0.13147483253480774,0.5073653703886403,225.11119568414162,0.20734252013427598
9.859936361097478,0.19768793120802144,0.2311968100599293,361.73680219708785,0.2734486266276622
20.175553682311154,0.4617592226267483,0.22476463273547484,192.80727212352429,0.45299210453741384
22.5712358831304,0.8471000140223239,0.5103894079574955,105.75257842883401,0.7073913675438397
23.747371311775456,0.35292488398140043,0.3280199491705552,405.74135457457095,0.4768955479563758
23.688544283836617,0.505787846950714,0.21868167706254873,349.4972339456036,0.5217817241593291
2.736183091460711,0.1332582872403137,0.8049708911601414,404.92104980038397,0.316594881524342
14.832609141077445,0.2186745607696711,0.5668184071055126,115.57520667506624,0.38457320555547225
1.7267628004993285,0.8893040983670776,0.4313958175781236,434.84785113226087,0.626096056281111
16.485866469712064,0.8720949571488364,0.9200665464131845,347.8104800145213,0.7332055846486649
13.245915041201311,0.1039519847475277,0.2929111681604205,325.35814028505604,0.2586791980427988
26.631125482748992,0.8614494283385912,0.9647350631642555,349.8456192458126,0.8341717021210275
10.52745037656236,0.6112959502524002,0.4511733739018823,445.7732987473456,0.5009493010046123
3.5120104928281757,0.7943346356160177,0.910722937846945,334.7746026235628,0.5706988792387804
4.289750461585076,0.4637918845070873,0.6823543011835693,332.38015195527174,0.44338163123458557
22.845318951524167,0.5124768228634002,0.86136588779319,496.27166282630634,0.6515435516261557
18.54654189948783,0.4910772642055362,0.9872105305683714,402.6920668274272,0.6489735190471511
3.033680283683707,0.6334914060368835,0.4307243502549966,276.9175221804541,0.45192947535374056
2.523204183449923,0.21172100380505032,0.9689083883260745,382.95880001317107,0.38090781455072564
21.0290739437736,0.12397887189814237,0.5115855159219362,255.6921886767154,0.3240961996654953
2.182890190925806,0.34634395327295275,0.5084095237895379,191.5501849933996,0.320483077431944
24.655801778710686,0.6637446101893174,0.4723096834036046,338.74075075510376,0.7135125953487159
21.187266814694887,0.2614827616983587,0.6331260858780682,471.2728392455806,0.45479070164272495
2.440463419256993,0.6387459466599339,0.3233160345427897,471.6558080061851,0.46894598879892324
2.5451314225557575,0.8759296368858164,0.642969188286409,236.7621112421961,0.5870411237074885
29.599187355035262,0.17512057263153472,0.6333638499280032,311.070986488678,0.49811632286780294
11.228123872683609,0.638081694580101,0.8095214500838961,184.65435942794448,0.538614033848804
11.119264412006727,0.4550001754436569,0.8669199695500684,498.25244379955336,0.49693899920587464
24.383987017725076,0.7945138035020043,0.5523530802499392,492.4471631471743,0.8344999922327184
28.417457321515762,0.24171983155790874,0.441866599481195,359.80357188297893,0.5038104099703881
29.580031914686128,0.6541007617809316,0.4074679178536756,421.7656238709894,0.747655490745196
22.601345557768248,0.7704922317184882,0.35569906936389756,386.04006451348,0.6766424584556696
11.287787565927474,0.8556913755792186,0.2461180657592199,337.26328761578725,0.5839035958780914
2.505021500960063,0.6465984226317166,0.4739583830677707,121.33919879555907,0.4545701279125677
23.314407477823103,0.4977398112067418,0.41619815370462665,281.9057370210644,0.526694634218383
16.752127492074152,0.5942777921609711,0.9731339086931259,369.9145208669642,0.6319131593764084
12.72666027740929,0.7951239875829746,0.6461670610000352,371.0126455534739,0.6566510587419366
27.190631552842078,0.5564877973110638,0.4778216312244061,249.24904736895343,0.6438207678439344
3.3359244691845404,0.1243096477574695,0.6643740807949567,476.6767946632122,0.23688198147224052
14.778753128725775,0.8447589564055823,0.3113573610765564,166.9428128947124,0.637113058696249
0.34060934302257206,0.6516214008252489,0.5552349993617623,300.1437784862243,0.4583056887324269
14.059819259823788,0.6412107086217972,0.7009874571368511,376.3535906203291,0.6229349906709851
1.6890982704551205,0.2725401219181738,0.5911182654339611,378.8543223567237,0.2471114595132879
3.5645374880421574,0.6271083761861258,0.5214230405234594,359.4555827075262,0.45132031395258027
3.5257874033131467,0.41509152452332676,0.9950787111197585,210.11528538074407,0.4416727394916597
19.476309063481906,0.6209863816331936,0.9042518097191417,162.48262747464878,0.6755437969708343
22.3813463779627,0.1852744242463926,0.6987247665275521,354.37613073068434,0.4118706236788597
17.50106295291479,0.6262762436824288,0.6555018889458262,339.72084645577513,0.6269835375297742
28.86517645423626,0.8995309806165332,0.6965283838596672,171.7424041156964,0.7925175554627969
11.246117385711122,0.13856963108844483,0.36104968625794664,382.05565822822535,0.2725684466803649
8.571362588455822,0.8817393473770538,0.5161101946114549,282.06879669346256,0.6836914388538655
26.057973845683808,0.4255263685782965,0.23156762631271946,367.1042366412612,0.5130293147549823
6.707875155583579,0.7966027602698074,0.5804368299894613,434.9468319080603,0.5692843188129187
28.89667618321834,0.7259083872466188,0.6344196671661306,167.89137143076925,0.7784912204064443
0.36463424069449024,0.5536130087893343,0.38219978888256767,107.65794719873467,0.2924560130775496
29.09636480122917,0.6907593674010613,0.9712230777324111,411.6410345583147,0.8019992717959221
1.2947973585172834,0.8028124490410783,0.9275636887497936,343.8789700610464,0.6018668568032643
26.734293410942133,0.42331225732082645,0.7777145883647247,379.85582784884866,0.6116096540749671
15.831033272588996,0.361626529250591,0.6267093030122901,435.26198999545704,0.467958641936132
29.78894388357901,0.6340747084508678,0.8959753277181479,421.1243739298002,0.8117892102696223
2.213896942061966,0.7462767535530069,0.3045218750587704,484.3680587715299,0.5016480173084767
16.615628532039622,0.7098281078212926,0.832407835419908,314.3740315408473,0.6807328203754968
29.07907606857297,0.7382509190869077,0.29985665117347865,295.39825306396216,0.7191458311600994
15.692935325104465,0.4484666518503464,0.8353685300395244,260.75487995629203,0.5376641521347516
18.881959144057877,0.7542673729400173,0.4206140546010856,161.4764171376818,0.6330179578399677
20.872460669538516,0.19616724429648677,0.9016724648145511,329.042893152809,0.4844236285076858
13.636231943033197,0.5355912783686797,0.9552336750603183,210.80500973039153,0.5463856753364792
18.8267424025219,0.10460692839849726,0.31903677552409254,468.5230048851902,0.329014710932344
17.529429357693008,0.35966866392021624,0.5701404840523148,333.27632171083906,0.4401105045821798
27.03474031472967,0.3931692278971183,0.9847899025301481,337.13607220324405,0.6432422832005964
1.3633914102437361,0.41693815328740436,0.5867259487785172,241.96986435080402,0.3035280901979023
8.428895687766909,0.6563737653518897,0.8908380180116362,120.79574079108299,0.5152796163493849
28.51234452229676,0.41084648101627663,0.6709852177050559,112.69750614919545,0.6005414910911754
26.70791351672749,0.4589548980980246,0.5002639263356815,269.33405766127896,0.599145123650029
13.669702583571388,0.290035304699462,0.4286268444206962,133.82615123889514,0.37372318580186836
18.603977934046103,0.3986014333034721,0.36257847286886985,342.73878221605565,0.4571358476122815
8.32143548943398,0.2818157018105212,0.8094385531021577,452.389202255863,0.4018282244520096
5.64363479171284,0.15855673901475492,0.5092324054584223,453.16592660748887,0.2727692462374152
13.910952148199465,0.5827588747051023,0.6090203697606009,363.61816405289295,0.5681374990401955
10.600566840781585,0.634570238844013,0.5938603840009455,184.49273258917242,0.4981618265195464
17.509683355526164,0.5955922768076917,0.661823223386505,445.19873254354883,0.6197972015031624
2.3320391089495454,0.47079523504045795,0.8924617164996418,454.43737412528327,0.44781614673197095
29.231844229984993,0.40382862414338383,0.9845914748667435,178.66143398118348,0.6519695088564396
29.586322334388086,0.7906669196574602,0.5260673668590536,394.9704343082709,0.7443837627388704
20.944851420592354,0.5152654281089745,0.8620151376850425,214.6078195708492,0.6155241650787276
16.082890990323612,0.4833455021037848,0.8116222357237741,421.05612494117184,0.6307529431132584
9.285828488589832,0.12051365264514856,0.6588231611644586,498.8951599614411,0.29099930231561205
24.413850591208462,0.3729982621009251,0.9648377148895466,112.01040213175713,0.5550222815267891
20.541935176616377,0.40415649502868567,0.36037961242272226,458.94634631637274,0.5176232912248034
4.8785081803467385,0.4190582247175204,0.28741136824769714,349.05221343946323,0.3419287723933122
27.327815534815272,0.5641378953818659,0.8831695735643377,489.35304766592844,0.7722737249944698
24.67611728769507,0.5268820373815027,0.5513198533069987,286.00380701057105,0.5784146007628066
28.49399739875772,0.5863240742347557,0.8775750833656484,438.9551722285495,0.7740490777156208
21.771585251650798,0.7119066092337026,0.914472164156332,124.9576274393109,0.7316723470242669
18.402455878073695,0.7503885909728748,0.24996607489525716,234.1116200313183,0.6092133218971614
12.547291088718566,0.6744984609811955,0.9067718103888487,126.80661510048398,0.6122493593613219
27.981854500620397,0.8644189567639478,0.5586552442955377,490.13725339162824,0.8754771911544127
25.98191668501225,0.11458606614108931,0.6083459912033857,426.7895629087347,0.4753822553656204
1.3565601031856822,0.2566223885468369,0.7012740088745681,441.0189684983882,0.25540468833654717
0.7910092349175601,0.1060502999825137,0.9411060853840694,475.1860925735577,0.2736041623224021
11.293901006341487,0.6179797713236824,0.21529287554381124,134.04139444791414,0.45653734321184153
24.316599923454987,0.8184244391599895,0.5814747746542537,254.23903700533336,0.7610655375788148
29.618283879448335,0.29478583726103946,0.7501776339444486,128.41395561760083,0.5618500566989212
4.5125067331058455,0.8416276358370454,0.7781655661585829,184.31724062001143,0.5886960855869223
17.823921460564055,0.1482139122316487,0.7540259452296865,191.74631081506894,0.4126695762710134
11.426725698930646,0.8475488214444115,0.30754810352649753,287.6428844190315,0.6051177049973894
29.097431934438095,0.3812981497917075,0.439516470697345,207.42486698145703,0.5273925893660235
25.26356769407126,0.18113666275937323,0.48697242033361077,140.39124272710444,0.409492881032237
25.149861141334135,0.48869740734906053,0.843549766143604,166.9964356376431,0.6361151759684318
14.060794793849109,0.30542125417640636,0.42300789793164245,158.91022542083635,0.40100998142295663
12.444585070129955,0.32789832156953824,0.36856397109376254,489.2307191649193,0.4104262875942129
8.202212157921187,0.34583197194102927,0.965958415230477,403.71700276738943,0.41228043681781046
1.6912648995278134,0.7424207182661308,0.20709062809077514,487.1045861078248,0.5421303731058046
25.941671287651598,0.5313290213402037,0.9982566845455827,275.8961946031634,0.70475000988319
24.387030273902326,0.34904615932480293,0.7414570390859165,211.34739266506264,0.5817920844874156
29.991530198583916,0.5882670266487348,0.8627754395592937,419.31727888367465,0.758828358097243
29.89910511221716,0.6729205393785549,0.43569551707695453,230.5015672164587,0.733119121616213
16.662951168078823,0.31809920058682706,0.211452222133648,219.7533494821393,0.3975501691150685
23.069622455415313,0.43083928122028126,0.7902956148492242,193.00239688313246,0.6128313483546967
28.34297189647284,0.19750887466955805,0.8673156776005406,151.87159128969415,0.550486506012147
25.489421720322344,0.24491947962774427,0.7923809055628153,202.5852244067064,0.5352001559045455
7.42044305229593,0.6448942831719863,0.3142802298406709,242.12789938955507,0.4521069920729242
13.516324059302805,0.24515067815650157,0.8027423378055754,369.59768325829214,0.3946972594907198
3.8747824545448495,0.5201307069336482,0.8151382256861128,125.02593688778063,0.434190379285888
28.62153081776167,0.6672370093779462,0.7268324125360439,184.2027758661372,0.7673778639004956
18.1852390335264,0.1855015384757951,0.812892746236469,423.6094561166706,0.4303066324999175
6.859284165103881,0.5538497757031229,0.8767371517421858,158.7687694335083,0.5163295574145482
20.151020532175703,0.30525022696109105,0.6908832913899667,237.0580586090086,0.5184785722015091
18.543847213736875,0.8703415001900638,0.27088377117574325,445.86356874325605,0.6769851064294666
10.744881540985215,0.4868365173759398,0.5901022477337687,161.97012445737707,0.4220210557011711
3.4067277659888706,0.7447940398201265,0.26211946773728406,133.09473424727597,0.44570780774429397
20.14719586778399,0.5401812337250095,0.5260344248259448,293.81519803200433,0.5839230190639128
15.609231027113799,0.13473002628385533,0.5256851913005021,220.96780451141456,0.3016940672590563
23.16955175206918,0.6065211004752179,0.2528078753121933,325.3633457935416,0.6416137476453367
15.604905033359803,0.8611226737653256,0.4790564271755835,421.52195619339005,0.7113811016623256
25.565445009556203,0.581289456117065,0.2887984790330519,154.85939526109726,0.5976597858639117
16.557205163234567,0.7553510875414322,0.8465881680073777,332.279633821714,0.6561934891158269
16.828139146061588,0.8073651706787263,0.9581504207715767,302.20350415594555,0.7014875034423834
26.29960807975035,0.28246381755914596,0.2578531802063509,157.63151440527983,0.45854018341714325
12.10448598637191,0.26963587192658134,0.9640921658333612,349.599394211593,0.367698676193818
4.020456853519222,0.5887847910807934,0.6180612794693962,209.45616714430867,0.4713672991783591
0.8634802894001692,0.42882277584536377,0.43965254236309914,295.133727417605,0.3086411727671795
22.65411767020857,0.7718890422933763,0.26148966022093084,132.90892971082474,0.7531155521836085
18.60928654060394,0.8200184987184089,0.6004994144563343,283.83362288544924,0.7783937173128584
21.122393042976707,0.3827371034421745,0.8356124355925989,222.58538721712813,0.5378140488144597
6.388924845267322,0.28949644717958567,0.7656691818133585,428.9524844741417,0.3614167997977981
4.091144267603093,0.7244204121950895,0.240180809171179,122.79149079894731,0.4718651519191818
0.43633997003645786,0.3198448284385089,0.25832146829432284,267.44290996733196,0.2750595762072251
10.51762676419791,0.7580914548109428,0.5222986261061098,283.3725696525752,0.5363474884468584
17.697530605638992,0.43899060291901026,0.43623239523835466,390.0024305196475,0.4445645066559636
11.767321352991969,0.6340399194331764,0.3859074584448383,329.7150300360844,0.5026326266011129
13.124247660711871,0.17642825106773455,0.4248035991269709,366.88493487767244,0.3340198863649566
27.124760834812452,0.5990874597412584,0.8427861946375077,410.8197142607024,0.7509679394121955
10.447664010699011,0.46141414298978334,0.9433824429054831,444.8811894632755,0.5518943703701292
15.419684674794324,0.5692867705403793,0.5240821556220532,225.5501986889882,0.49715540434660516
23.509590382234293,0.23441136619589076,0.9248888017059977,315.2090821455612,0.4484517265553168
11.896283469638105,0.6894989959553457,0.4571965609983056,436.04323137567997,0.600037646604824
18.662601006836205,0.7902376620345829,0.5811495890750333,495.7804523860226,0.6935439478062042
25.870911262402355,0.2733918400726205,0.3808231982527998,455.80772441750526,0.4364498420187828
28.485618709729263,0.17657164441612938,0.7123808337406752,248.58690504975073,0.5029244098764588
4.4122044278711385,0.11891086883706913,0.9831848921398472,178.06660688746018,0.2846088090257159
27.797628754844833,0.6135772003546128,0.682794476834703,295.7570149626355,0.7079919721576512
14.763488792386145,0.5856752288710246,0.4862512672908391,396.6565807344169,0.536756813459327
7.747331648968751,0.537357930171256,0.7182539567924227,297.02762830131906,0.4737379616674666
13.77407268714784,0.28555767689278033,0.2983365427723101,293.2723453254674,0.3383116070273751
29.40097725856431,0.41272479672441176,0.910927264212319,435.29216843272025,0.6384813682755819
14.778542819786088,0.5755810681489385,0.6024671606238692,244.56151162687453,0.5225758050095568
9.862548308625247,0.49741348708733557,0.5594797936317137,443.91786992465825,0.48988232656567404
19.002025629501773,0.8902284161719098,0.6686918307628154,262.7219203806894,0.7654288352842761
7.204368563345792,0.20915180204538653,0.699827090231522,231.29324227133577,0.30304709965380106
2.275899843259918,0.656115643238075,0.2574206449812104,281.5959644798796,0.3822749579032018
3.8663916573194768,0.4234550144834337,0.7460937769787219,404.97878346994736,0.39498274343139333
3.8413751687331734,0.44255969194049183,0.3935453442524237,150.40081114559771,0.2597135492953553
4.55708080536883,0.674078212526541,0.7711621060052718,178.56768634880694,0.5134594909279121
4.164815179482304,0.6539489210594958,0.8580278355073574,480.5779302652368,0.5877647601682362
19.226242344096438,0.8930047949617507,0.8431668060420163,170.19665095254294,0.7297904592359469
5.456402531974344,0.20271543156330019,0.6420007739263114,327.09092717242186,0.2630303928873603
10.370018499715897,0.18328771950733308,0.6161359138486009,331.7257866647751,0.3266033585225164
26.903652297180354,0.6794710537029929,0.3143007690715294,295.8497848200979,0.7179836673193661
14.218849207886171,0.5627095336051273,0.8202769203225084,357.8980994307274,0.5653753208696382
20.026732155630814,0.3193285332478447,0.4171275043573715,191.93069031904736,0.4132245402457403
5.169596136048895,0.1635354951911893,0.5973563382543572,321.0649071106993,0.1916325788105921
5.768670564260123,0.16852659967714445,0.4274192743420134,248.86930209875885,0.2277747032740635
1.226058487994366,0.8153526997312947,0.30706269039975453,364.6669038516756,0.5603419824913259
5.068051892164936,0.25349385977499433,0.7036461575133892,156.48941734925978,0.2983563034637526
8.35771017095876,0.3586972496924167,0.24346562785832307,328.3509667357905,0.32732107220100676
5.3103145283024045,0.2813251217815904,0.79891618730096,174.10814215332948,0.332529121361139
2.6610760127116686,0.38399704466554985,0.45406943620889334,211.45722524601456,0.3003190909285194
3.6190761330180243,0.1555390741968747,0.20010775440358827,187.48392012943327,0.1305215204375311
13.823363040981773,0.5152478327266163,0.6089033113897839,173.13511194752684,0.5210333299453656
6.190011552173775,0.15409005087377192,0.2374815268220825,430.2843806242668,0.22262576325332206
10.928095831442263,0.7402852062578893,0.4209356462567196,214.28302706435613,0.5573776843229294
15.102518125645707,0.28696966552834646,0.765581189964573,470.84951274577975,0.4264424007901912
20.71184485888096,0.5320095316836085,0.2501516972974927,487.9706101380763,0.5982475332505401
1.179364195232968,0.8040632700491667,0.8714707938848019,328.50418797483894,0.5930500019164815
23.98231196727128,0.6207018952377553,0.2030559381268665,157.20044906629056,0.5711948890228877
18.837011684727234,0.5263662292410682,0.3974590953615218,249.81929735183252,0.5599542535514719
2.4527709584661572,0.35946700249230046,0.7927232449216572,419.0929053392856,0.3481291855849149
26.207358723203317,0.3664015304465583,0.45301611978344547,246.95629147882818,0.5081362020823516
27.626172015954396,0.6355895641585521,0.2815139104528108,134.80688732111548,0.6178433561974725
1.8323387956459125,0.895311488976934,0.48818713504034233,322.7139643712752,0.5139143916547441
8.30632944441611,0.6294713518795029,0.41631462910762046,438.0483405984139,0.5166484787374035
24.18603839379184,0.54622673389602,0.874169521728444,418.370554857401,0.6309611521522195
22.44779071150975,0.6845204081913969,0.45067833406811453,170.0492560521413,0.606242703389558
5.53563058069132,0.47216448982697456,0.8311459774208059,369.10584576498667,0.3874810377817887
6.280479700101309,0.14811387408062818,0.9134977158485877,188.20170537425884,0.28232951380667093
11.11416308374146,0.5498374527023279,0.5470539356612236,187.2830138208689,0.47451921045721446
14.53568955573064,0.8661002276043042,0.9279545150835136,449.6287093220741,0.7515028888916537
18.54764314590888,0.24024235388612772,0.5018544431705543,199.86758109609207,0.36208189167463
11.067409187093173,0.6520039126565326,0.9712627331920867,205.2989386072045,0.5603608129008124
13.876041483994436,0.2607469509272452,0.27143161962045836,100.26135630451982,0.3238123986910979
22.424128144012695,0.5286621475784651,0.7496154132025943,448.26761365020707,0.6280315609647699
1.100496086717937,0.1773411597173757,0.595051232365543,417.03792528365386,0.23805371588723975
7.573108330320623,0.46029674900654816,0.5101190443645176,350.9315740362712,0.38720630063196515
21.400487576536573,0.7049306631161969,0.7061695029988808,400.1063055755369,0.7153408032533709
26.85620513061598,0.37805721939118564,0.7630856733074649,160.81942696979672,0.6187542814885789
15.350323263469983,0.6319293795897745,0.2034906157202473,283.32943783503015,0.5404926685287864
15.96340455795947,0.7363599686317833,0.333562470997759,240.48775493951234,0.5830369553660948
3.2151603401932816,0.8417422555835622,0.7704368405074551,137.5106105028066,0.5809930526933609
13.422371004703638,0.28771366548436283,0.7331083308625652,294.4521940859696,0.40513336144344236
15.978517993650694,0.41945273264744654,0.9728380041029419,468.29586013705415,0.561710634933645
7.27411510904189,0.22193281066433396,0.8088302322006264,116.02364762027779,0.29726671564075946
8.077296928481429,0.8939868017267002,0.9606181661850706,216.58436539751756,0.6815020845740529
11.31852489313868,0.8416007743394363,0.7620324012278457,183.01637448228138,0.6650303436877922
0.602135933331791,0.5319657042244477,0.43844176691155456,195.2586614662785,0.3198770481781012
9.66237496749535,0.7736266355011371,0.2842919378006852,463.3738207517501,0.5410262208798943
6.34344020989634,0.5167663818176338,0.8254590906759485,287.22762169371606,0.42738363270595076
9.82492056533744,0.5988685504022078,0.7153193771807327,286.51976517592755,0.4802882249434678
3.5928639545775365,0.1712995456928133,0.238548809914637,404.2302569821129,0.15887103523552729
26.715818422196847,0.7042163363974464,0.4880403727207827,161.7968816019703,0.7049808937331791
17.80777360662146,0.20217078690818788,0.965439852387429,294.90614164002034,0.42155874961866885
20.37306957433469,0.7608541042020227,0.600320916568161,271.9940856484239,0.7111135799625683
23.67513715822015,0.7256224701363088,0.5461833088157637,338.7642762186624,0.7123770499626301
14.953265967871719,0.6669957581943812,0.5661596841274352,499.82308130017543,0.5588772501544033
2.6076086426227105,0.1289283044198097,0.367106179204131,407.7795576328188,0.20372787774750467
16.113196254556435,0.3425026847562629,0.4949657366918362,259.1462812069709,0.45084540994609384
17.605233540626372,0.3104900559286743,0.4958506047897413,431.02122090961876,0.4172367264577188
22.3631842255299,0.38810912597721525,0.24188401614997793,168.28334532499207,0.4751101721188771
12.949786386890382,0.17011419741107084,0.8140541028143347,112.18547452358405,0.3124913151897615
3.827409083866913,0.8495662584248502,0.5332035455231032,181.77934898570922,0.5561902818052233
8.513277173961734,0.543041792569901,0.8577439094531387,236.16462244570386,0.46440088003960267
10.892468891959053,0.3444194485264188,0.8802784008959164,304.23230298382396,0.3849120176141281
19.377517239948038,0.4175852136594268,0.3695952437589265,346.05165621647996,0.4772790071317036
17.123349140067358,0.4577620324038686,0.725882785736103,464.2422868857687,0.5508153429354993
10.682901776935388,0.5804754666884938,0.5778254433303853,303.9416038201831,0.49730287728224337
29.59545746378939,0.5125435421571982,0.9041253903371882,300.51025785029174,0.6773880197516808
18.173244580706616,0.8355135785715339,0.3725925433411633,120.09720392919286,0.6458932952212225
7.116803752079834,0.4975707863246642,0.7422505602480354,113.96462106248953,0.44111543493056893
3.0534741786121122,0.8937264118586502,0.6862016978021781,320.46398476654883,0.6065394095779155
4.585774175529961,0.7811399661960766,0.43624118205746626,275.2714452993378,0.5292478637423516
7.378731851535244,0.26680841148586865,0.3092807229209381,435.6721579921194,0.2754391964318154
4.82044119778667,0.844476171715133,0.7213118083818213,164.27183388473807,0.6218247857697834
5.5970107215391725,0.19309311830838088,0.7908779665058645,109.98866484681984,0.23711174435467086
8.552855060815412,0.7539597667929533,0.45250187501068,279.61550717205034,0.5674624625653406
5.201207858842645,0.40449863478126413,0.7158660832178512,194.991422700903,0.40897196908814787
26.902962738792755,0.8023794563560557,0.5161047260892027,119.84574933553498,0.7645430259287445
2.4070123698492663,0.7944453520859603,0.7705655066260941,389.8393147390516,0.5670318132658234
15.73534168710764,0.744740320094097,0.3593722199152425,144.637199982899,0.5733601485033842
12.311904809689846,0.7320243490456492,0.9121720021089395,343.3278000031087,0.6874556274678402
29.47135850725819,0.3437433112784326,0.42992767717246383,212.41990006675564,0.5024376320381619
3.3611670650415704,0.16473542644100175,0.49422879020492233,169.3984201420088,0.16968477710801672
11.935667971372249,0.42238414301212923,0.24647356166427983,251.900609167727,0.3745806286506433
29.084112998261066,0.23881961198920695,0.2892097698570211,420.5783104891815,0.530834302992275
25.965213776819407,0.6559608711219693,0.6126895221698625,256.83743076182907,0.7105337095811136
24.512162128478398,0.37687978123022847,0.4140741413823772,400.3078596844223,0.5041697428125002
7.737084811348195,0.8804881606879319,0.8683841805937556,150.19451871966027,0.6448376392249217
5.126627621701974,0.6127776618762656,0.21175471092396309,409.10856786603165,0.4096271904541121
20.05929659773293,0.7579844509074888,0.503275238937549,194.77332996265946,0.6456294737500324
27.881279673827574,0.20601973819347874,0.4698764374152742,370.9572519555491,0.5155404746984532
16.702886790417892,0.7896115858180981,0.21546210473408084,326.3126219363985,0.5812907603874847
17.148380684096995,0.8382057524107155,0.2994947192004082,471.65788688467495,0.7302315524590045
8.399372809808526,0.48964953505514874,0.5309141399349082,254.92900719012562,0.45266863322020023
23.084787995758106,0.585002350200782,0.5942916675579573,126.46607553377618,0.6485269147514985
5.611312456725701,0.7118478407223964,0.5234317978038954,107.66219422050116,0.47762140351584437
9.71037709212731,0.23987090180833004,0.6247501427296751,430.7434243891012,0.3475964497111537
12.763093158492504,0.502052861170754,0.6761053399245452,309.89425506457286,0.46331539060631405
15.22831136053365,0.4189304222178505,0.20793905690226852,410.0976207339797,0.4159615136293454
7.2722919724524075,0.2170991937297993,0.5712761275628031,193.77024000460588,0.2934948611537145
3.445104742176106,0.3940275378332252,0.9707993927100707,238.03349820529348,0.4332208043739878
18.318601273248976,0.15453784750839486,0.615225824103639,112.04154888452757,0.32102929920872547
8.658916597207673,0.12064952555958959,0.7420338139671625,484.59692982964486,0.29532843896609356
17.437146642678368,0.20813303132385821,0.4494910863335066,367.1471626803254,0.3747160637668038
4.630881458226069,0.8704920892713391,0.8191931025222101,473.2820351037225,0.6092204029184526
14.434203055644524,0.5396236287160135,0.8183371855008921,206.19856297162892,0.5679197203637915
15.977682976547577,0.872657728922576,0.6170368381233111,344.5854444902643,0.6975146905542652
1.5547061046728072,0.44599830266410556,0.9808110586233709,371.39998731705515,0.41373115905160773
10.098128345817617,0.3494529064682077,0.3004401718101227,227.01988010303538,0.32309276631932154
4.032440308169227,0.5049134902721953,0.2135581319116648,439.24369400625204,0.343540174583731
1.9012491141830323,0.45160935090632814,0.8161265694056767,478.8645851600991,0.41438287558644166
29.698806971698357,0.18453174740939515,0.845724429891906,453.94204707840174,0.5538870764332265
9.67061534924169,0.612661051752165,0.29616578329646104,395.626790375749,0.47325915919157724
24.296233375639044,0.2728305460076797,0.4124662663668849,210.9858718899816,0.4332669320511004
7.6392196429129156,0.5956703639182637,0.21404189069330315,212.64641684225268,0.4300002042210267
20.44508166671788,0.6201608739185227,0.4346468886244518,485.3441281784152,0.6775048209971783
22.806835796690596,0.2216198825029185,0.8185134991349372,104.11379837427681,0.4663661658705642
17.869162218235328,0.14907970168853454,0.6143684221700632,386.4199892968578,0.4110727814615711
14.147285656504751,0.7246092688547519,0.4784764745346305,382.4984650221049,0.5691546125457771
12.355227424418056,0.4678403390154562,0.49739143592506424,349.075816379919,0.46794847936697126
10.46604799628986,0.14653103640438064,0.20108290057237455,496.0435384347463,0.2246728259861564
27.885874327434774,0.8958930537358137,0.43984042205218876,224.75177430549007,0.7640675574123121
24.918582233631874,0.14622444879709331,0.7171669933103444,235.98874551729926,0.4246905466973084
28.950807319995377,0.6560281830868425,0.9793555550530857,131.57576117862223,0.8041294481810728
3.728916704566342,0.886943140210731,0.8776486615871197,277.119254617495,0.6630484180763732
21.92602425610933,0.29134408337274054,0.2188759717164233,204.41941049393924,0.4181062479783014
28.150213704631135,0.21379949494975695,0.9188484837398716,237.3546808710577,0.4974174753943548
5.436991984969804,0.19710795153794314,0.8265587306389008,433.82871610225106,0.31274787518564806
1.9948880210033249,0.34262011805407644,0.8243008988567844,474.19380541099827,0.370729300009016
22.233619478701772,0.18083664880851735,0.5663966072028572,174.29322880207425,0.4122667507593221
17.234193395397355,0.6537290733553055,0.5184042343636023,249.00357262138635,0.5402787448594175
25.254863302748163,0.14983343850405018,0.4423325830665541,471.4522248461576,0.41353723240466334
4.193171298788685,0.5075377025198318,0.25255588716349264,124.72338427568906,0.33475203743232623
23.858019355796706,0.8973574830823815,0.3825882907949593,136.9442112445514,0.7653539324094863
6.048819601432336,0.7511762156048151,0.3972829079824197,165.11639568249174,0.43792445484140696
4.909678285971135,0.5921755505848088,0.5872616557681614,338.08513365074987,0.4581707289592879
4.927973937929789,0.34500289662928935,0.7979555252773551,160.188908402399,0.35328959313221425
24.437241606941463,0.5991166690333108,0.5790478627183573,487.2305525802934,0.7046801087218466
19.955916620886004,0.5216331711293213,0.2462755595577285,278.68581090340814,0.5404385395972291
15.69196274307358,0.44086670711229725,0.9662318407905632,300.6071841400666,0.5648407946872414
10.764914523705075,0.2045683013921596,0.9541794552752898,198.6634463221626,0.3413949298136363
26.31601622439325,0.8092833721923735,0.8281516345187268,288.3841009738934,0.7583325420259657
11.773353222679061,0.459827719057058,0.9930623212513765,364.7654530548046,0.5179108388630347
24.497983184147312,0.25569800945661203,0.6355858662402103,400.4708547816171,0.5357745281097697
13.174047257106553,0.39420748070183176,0.9702146802025648,401.5472330839652,0.5538734549135947
11.308332882747226,0.43130380202314167,0.26048403249340063,331.15644507763534,0.41801886341669114
13.880393570088193,0.7620303164534995,0.49254459860909705,461.7439099975429,0.6517989971527411
9.041336224924262,0.6868915044491216,0.3803050144054127,426.96313892244376,0.5431644484514998
22.428281405287535,0.7154439149130719,0.356666467307416,402.8192458794502,0.6566735849376316
15.081611702774374,0.10882501154291778,0.3126423591141409,122.24220867218425,0.2510034439437382
6.96638085440452,0.43292319854380923,0.6979309132527973,102.75118488785972,0.4412310286896418
26.987237198237054,0.4850753213082589,0.825057484597844,184.9789108781892,0.618514279012194
11.516736641196342,0.11535382145844536,0.6626387195362886,365.4094375653809,0.35385962848859753
16.306585833419657,0.3078505669960274,0.3175701676705678,264.4789955530183,0.37552569679216097
27.19416332893641,0.708231858497708,0.8488990159467769,260.9625037197247,0.8132756911680527
18.727139877419763,0.20968776458319927,0.7087637657309829,453.8347552918455,0.4004547400519992
3.506941221250922,0.5282481051620733,0.5105325649015964,458.2251392527355,0.43812861797031677
28.194963708404252,0.27216149761379005,0.7393042364288505,463.6701056214343,0.5522816804795158
18.831241592142536,0.10969661971511463,0.4079239833942663,225.5512306060109,0.27758521135614833
10.047168439712584,0.2929611660796332,0.4761537667953684,376.4223250957047,0.35948414436553916
4.1781621799016175,0.880699003928043,0.9339886745055923,208.65327250974786,0.6660952376604741
23.820755678108878,0.7412296895063917,0.43240360453713633,176.2439332297799,0.6578651907107727
18.602182677855406,0.8676613154568268,0.5759906145263494,173.8529829389477,0.6705122207395363
16.003832759289647,0.49028323514108996,0.9121129099168117,236.8430483454376,0.5563469197640943
26.81677749152873,0.18778895894200281,0.766177080214022,271.9830479119287,0.4958636375440676
23.657916336735923,0.5383675911789544,0.2497625809317622,432.37966842202735,0.6012243934759891
4.550246391982535,0.46350186764796875,0.3178424354231763,147.95643738908484,0.35941215487185646
9.351662033866447,0.7754856661916928,0.20627327261753348,393.97033895795767,0.5471642812587107
7.454674194433972,0.17846606462739567,0.7047374321833308,312.58196567572213,0.3517282342388304
22.31838877718031,0.4905929096174225,0.5581387403283347,215.17813707039699,0.573325463099623
1.0059730420733815,0.2200389317551874,0.30741988072182047,297.1278338131298,0.18044036245303482
17.096690546139495,0.35974074151204805,0.9663472968454163,219.97682791080905,0.4624394534599977
22.873760572220718,0.6898856619102397,0.6237277791564959,338.4327820953224,0.6891639157032318
26.302969102852483,0.4808145034950132,0.3935146352903114,273.5375691420977,0.5740647258500062
10.262452461477224,0.4007106281166155,0.6004828569237661,165.7622116315515,0.430081687554033
24.637719140160385,0.41558102285602827,0.7436962661880864,146.63322982227868,0.5854258052076213
3.318952108656217,0.4675574147247893,0.2609913743788516,318.6782728288521,0.29807064506041253
25.393568752035545,0.7280132350696455,0.4197630520383136,460.96521331444137,0.7311950461175615
3.8246598699594725,0.8136677511521876,0.845572392707195,237.58307462307422,0.6092601526615237
11.918618716811018,0.8642677492031426,0.567731896322129,393.20004288904926,0.718970792360767
23.918860973386607,0.7295227090042361,0.637261713625836,363.4645419759068,0.7590974080492696
4.497522820463214,0.35232551659841016,0.5462528017675754,472.6219657237924,0.37247905211379195
6.877541856979245,0.6505077648692337,0.23511995411440412,428.39240691965637,0.47214892482498183
21.667577051791987,0.45008249924431354,0.33259982385612474,326.6421035621852,0.531586616826472
21.601096096382232,0.30373649763684096,0.5564333109935127,362.81219929364295,0.5216808783641598
19.234428986558918,0.7726972635407381,0.36734837232634227,459.35458663361396,0.6387311788897219
20.818453334013,0.13074107916986,0.239983222927743,259.8075138347739,0.31904531577705947
16.281733300427884,0.8214095937083389,0.8749197312414589,230.71788234311094,0.6979227623748688
7.553971767208583,0.46918197169978737,0.9849540233312928,104.32443345407853,0.469788954765217
10.370879805117584,0.6097611814466244,0.8345142991973915,430.6204296765857,0.6120007526331935
5.44793150404277,0.6274831377646262,0.8830279373637338,420.392280161346,0.5228148809458368
27.25351684000885,0.8160941925652291,0.3935817042536363,141.78180724006054,0.673133115201673
17.501753842983614,0.6093357457337658,0.9685015804105599,330.7429524530801,0.6414368950642039
12.025542502909197,0.5911468678080495,0.3575405635627427,285.59267926675494,0.5200632403363947
13.86017410932398,0.153321632448552,0.9611438482894659,147.4836382036446,0.38149848642488765
28.41850018835446,0.5147264175561633,0.9958554351727609,492.2272908242894,0.7528005247248939
4.600542093482406,0.22013520065363334,0.7693782445968391,185.87835498534218,0.2738147532681
17.586894960503916,0.6899470149771885,0.9849149854334576,126.89367203622446,0.6335704918265865
15.17666036653398,0.5097775366501396,0.6556318236536829,337.93895180076385,0.5502013441622916
18.343627063039435,0.6441822233666826,0.4076334265408723,395.5466708532131,0.5785872758504793
0.5433055146252153,0.1333383204819074,0.5495967085324966,112.97737841887479,0.2216867959708534
26.163717268324543,0.16783361283664258,0.6748487483030288,363.48705549080887,0.49683238953400766
27.96354847450837,0.6730587104501458,0.258465249621612,312.9167503805818,0.6641297721343525
16.953995507676268,0.1576674687989387,0.6978746116937968,141.30600355001937,0.33987657425239515
20.899524716306768,0.1570053822122069,0.9849422694098358,169.00955077854482,0.44107714632955697
27.67498143531887,0.10968678018790996,0.3520861198269821,327.1897189264322,0.40561977962634255
21.21715902940196,0.8652011186395842,0.8340760930307067,218.54304540531535,0.8182064575099807
4.57617128742784,0.6900066875672055,0.9263190350236956,475.3262914605264,0.5822211834363226
17.288650805004394,0.38260112680165137,0.9549612742561766,427.49609179362034,0.5264193218962427
18.201451391485676,0.33722846503012416,0.9681084835243579,493.4268826054652,0.601736599838929
12.72392013907158,0.3797625837966797,0.6171677109771776,203.8683355801656,0.42415844182875967
22.093327068741687,0.7197228249449455,0.9818463263932029,487.8894531191908,0.7996230040378358
28.031010443070446,0.6290964888563315,0.8058481657075511,272.49354791662313,0.719050471981238
27.76705538720329,0.24815645429397437,0.32933714898956956,239.00751812550186,0.47941876196547895
13.525181142123962,0.2392874682672675,0.581520085174376,120.1398107877413,0.3539743344137933
3.397141375222658,0.17871651977071787,0.7746649402976031,121.10610314384104,0.18547819881232155
29.54523596887004,0.6282421757610706,0.3978722526552667,376.8045023786619,0.7643131015786775
25.166942593378025,0.7114981297773888,0.7124921468391099,283.17159777361115,0.775908096397719
3.739880436098005,0.31203714266000326,0.7332803832372954,190.60865041444228,0.30281965499400165
27.62525647852117,0.11675596882473026,0.3301597950468527,345.5881225300931,0.38178494155719067
26.096890861863848,0.16573733398114188,0.652068249962205,201.14324730004446,0.4647175674301523
15.565141713782163,0.8742880278760244,0.8173015287828862,331.05270173776904,0.7468731790929198
17.738263072347877,0.33635582198193625,0.5991165316287536,243.68349879307613,0.4640585272647913
11.970081116103907,0.7153785182705069,0.20968249342088596,429.4208906447276,0.5557673775258392
1.64284916466094,0.5997308550834111,0.20723077526343375,428.2784643067117,0.4036005731953468
10.055917249377028,0.40555171172231674,0.4856234751760098,290.9401592489605,0.4434652405192044
24.085603457940344,0.2645498097564441,0.9409552547454256,240.32764373400624,0.5488582792900495
0.13896069013808576,0.19710913452752515,0.382941423682887,245.02391862363783,0.14402371257823296
10.004975150734325,0.5920103744310933,0.7074909510973497,422.28581026728716,0.5833411932522768
11.9450608077283,0.7197070245102304,0.3776606965546565,231.2717931190448,0.6015806358601259
16.121868088137685,0.6151234028329046,0.45733599172763895,183.6237494827384,0.6423954517776798
27.595668492382813,0.5242417065993267,0.8784336716811871,133.87533675012273,0.6403721850722469
10.390379830978837,0.13356097874530903,0.7830891538159575,286.6772483537634,0.31876877719356517
10.40859605688683,0.8747910220755071,0.2763194218505685,292.8528395679367,0.5445730287345295
22.125037443292452,0.7389713533236597,0.5429616167891469,436.3634841611629,0.7308202038246481
13.566538226694215,0.3342576293607718,0.22333581091621157,188.4954785784256,0.3309104944620598
6.738144688199458,0.8839762634870806,0.5847121172824072,252.39650946735998,0.6738293337460646
13.573185483980803,0.5815052717090577,0.7299472093608546,423.3622955574764,0.5531584099425921
4.225710611393996,0.5659381265657972,0.29480209887852127,429.4494442995894,0.35995217362704757
5.291609595186699,0.6984585435436257,0.4311079511273326,253.84443039150727,0.47190420197064253
14.951033182184393,0.74941583047211,0.5182693004017256,283.6496093146724,0.5656502101459777
12.567763485136437,0.6251828858652021,0.9356248197248398,221.31435633971319,0.6163100789203748
27.445377032043,0.20247659709296004,0.9946040123383713,473.0219513677248,0.5095579232509416
10.871816973498994,0.3706140047955987,0.2359290391964927,147.45750629663212,0.336200443734837
17.417650508341303,0.8424669122608398,0.8088063387963136,473.499769200588,0.7010840285876676
18.96792863758591,0.2796924894750815,0.4973792531218746,373.5465807341373,0.428716807537349
0.3928336976500091,0.3977336190700107,0.5139665489835841,312.6288610746925,0.3557700811675156
19.906121160501318,0.44566150635535684,0.8034119786776182,113.06362431379836,0.554856151366633
5.341079006092543,0.4515239917555618,0.934741145716327,290.23847672880333,0.41725895923830775
28.832109524083656,0.5903516659956204,0.9607428756020389,263.0992420010929,0.7470596601609166
4.459881832593389,0.8544606701957661,0.6616980688306566,164.487524790049,0.579685310508505
12.438723711810711,0.292554169466004,0.48569692744040227,362.5638414002628,0.39051825151750447
2.5604900423593158,0.19720110104073446,0.8300392686870235,488.4603629473143,0.25626313571700343
29.906227555378422,0.25797639188794985,0.40080110660984025,324.87552442581006,0.5340570962578812
15.065850309937277,0.8095399201674156,0.6512592230668142,385.90131057757833,0.6077232615172168
17.861550519601312,0.6166486501241648,0.4868627692198986,127.38018102640672,0.5444952316984669
2.012294321652824,0.32872543139132815,0.7253048589663009,267.0667983267979,0.29951652227444087
22.498814111975335,0.7527575511748938,0.39231913031480553,146.54339406579834,0.685032515294783
6.2971677928675724,0.7890959970907488,0.35327435658786066,345.11833421460415,0.5418295473193607
26.941628683221413,0.7772114709522224,0.9345912693403498,475.39286328566186,0.802967929004397
6.1541892144602155,0.8351412269116436,0.2814429463596295,364.7110929886554,0.5248680404034398
5.720631619909997,0.30179281613868925,0.6047663261879453,130.7212193257686,0.30861822589877963
1.0964900354428464,0.7040335429970227,0.37668222637040716,241.86648199403314,0.43484529580181835
14.162008353299978,0.468431597819312,0.23114397066053397,320.2653517763406,0.420666923724706
16.945233997878493,0.7735988423120492,0.2288150546331411,261.2831024533009,0.5963093934510839
1.971259182850571,0.6827925417292906,0.3401774176846619,433.45760419006893,0.47470271578438766
23.26582850085032,0.7211579571997797,0.8934162836048003,425.86840188399566,0.7524524791985361
13.598665042440828,0.6249294701448572,0.42598299518162136,344.7324080412886,0.540297648458369
15.731708079827401,0.2419430155757655,0.9603673364602365,249.3831780530821,0.5061146839542437
13.222882408146845,0.5360215351175507,0.6652978343913549,202.13454950529766,0.4700906063805915
12.02289182625978,0.8877357916196066,0.5492913518150129,142.34972728525173,0.5962289508080696
16.789209939246536,0.8499104531976952,0.6640710677355637,241.9590733946216,0.7337105602699335
4.657207377921376,0.13453898863760935,0.6133587081810142,265.2690068830878,0.20614470834673346
5.457843914858134,0.2318518525835497,0.8070210030058602,370.3291700416294,0.3158015363141603
25.85356863040552,0.20538301876364953,0.4259968527782818,363.26392971902936,0.43460002347356735
28.38346386400898,0.6807839279882364,0.48244031328024195,128.04325585650278,0.6923040523852818
11.199279488392587,0.7542282638855561,0.9152754420266007,258.1037261724631,0.6941173522651422
8.122340194306613,0.2708090930485375,0.9571652105203243,172.71154688694477,0.39335552716479516
19.319986297170473,0.5046821543614632,0.9140465819891797,162.72508212672227,0.6163552680732629
12.262025132942892,0.77256242240896,0.5355583951658509,430.92085989489834,0.5881135176218695
0.7615906698103458,0.6862412358130004,0.8242924024055054,116.76608668650302,0.4419415337046563
4.684577920985711,0.5337897643934787,0.5810685866408791,267.6731503608485,0.3366877334132715
21.479166865421927,0.5722781523670183,0.5980318817168817,167.2814623066073,0.5747642852511039
19.76771825730454,0.506688437533024,0.3637440872458272,451.7320862713896,0.5782506208019249
0.8128797751045047,0.3380387610550565,0.6729042426068133,322.8162053100141,0.32144423580579823
6.6591648579884835,0.5520175942872129,0.3489087182026783,192.5522545507392,0.3998603873841717
6.932243897642142,0.6511082416400725,0.46525175925375506,300.9709148665506,0.4891166795312981
20.15678230796185,0.7986583326886462,0.8840241612959481,392.59454388124635,0.7494083653262273
0.5913161326309246,0.6090330831833984,0.3656606473686842,483.2472035677735,0.4193274669413363
3.123257459537215,0.7088972296345264,0.2569266281387463,188.1784016981676,0.45821883223013665
23.99748256119568,0.22805730796365842,0.2552060740902531,454.47270885173805,0.388116875691477
5.356339861630008,0.4692459795358319,0.9526276164024863,473.7216456669961,0.4867851671880839
19.58238323555624,0.10746529586167464,0.6055363503694677,466.5682178128265,0.4141810061970632
7.145483431401796,0.29734309161729844,0.5275296574536147,354.165742744764,0.3185735379149038
2.983241782780355,0.6811693720904038,0.8487028648063348,351.92826177388304,0.5502345846793085
7.295165729983623,0.8934479610794908,0.868660742328413,261.2842532735291,0.7545749141822113
21.668007955669776,0.17934247966977274,0.46575282649248373,400.95915292151517,0.4107038536910393
25.67089404318857,0.4211954526890306,0.7548944459790363,312.51760734037276,0.6189047460909628
24.906595937009747,0.7400567749593276,0.8168982526815094,370.9752284913178,0.7533592758035607
11.915505888553644,0.2632285077031191,0.7237205494927637,271.38316153951814,0.38618782523151185
20.042554097119385,0.5440679594418291,0.3212760598400795,392.59858561725565,0.5710339016197464
6.149528862474629,0.6864570368237398,0.9007064668136457,429.7886070418196,0.5868986231469946
8.794431907830397,0.5927883602081433,0.631275642188807,158.57450264112646,0.45576079874957176
26.890074555633593,0.2504197876923329,0.42597794109600295,433.1718862296912,0.5058446694853777
0.39005770532208106,0.38430765494859154,0.5401825483501552,316.1186127161229,0.34796249153108433
2.5652559256340424,0.7270334275883178,0.23005687231912592,437.8663636360897,0.4793701722883152
6.23658765438082,0.5433812113056133,0.3022934409779341,272.52068253640584,0.42982519933251095
0.7959661162145915,0.1041836908343302,0.8124374004126886,251.61619415321402,0.19375878180998723
5.443063052693919,0.7087926080224751,0.20000930780429294,466.02429300688897,0.5070783745173931
17.491246829090766,0.12824908395219126,0.5332526627858338,200.46770701936052,0.33996140820879417
12.642736517774939,0.6965870261849857,0.6180081448684708,437.68493011445725,0.581105394374203
26.780151332309245,0.2619844481321899,0.24370753600077785,293.6082290037616,0.46910652655874047
24.523306852153226,0.8664587840955041,0.9784625303778662,305.6381770205039,0.8211857123503179
10.25452055093628,0.3943526010416676,0.38090026499973756,223.38731259579362,0.35329355160808773
7.782703002938774,0.36154529307046335,0.4433589757090247,329.21688024760624,0.35943548217069515
11.390772245018008,0.21911044026595575,0.44315400980402186,230.08447851048453,0.31511393206897553
17.708848275444232,0.3444833723921719,0.38433332969387995,115.70776569666093,0.373266665164379
8.041909224686288,0.8013206094625605,0.20117905766904914,208.7994421377424,0.5564757590312046
18.72446723547402,0.8970674701017979,0.7834758352703972,102.55161736263628,0.7707789232155425
12.282349565737213,0.39464762440547874,0.9734763998394282,491.34191482274264,0.493944654120542
16.561415425559407,0.4588885047636341,0.3794347866280361,486.298883927899,0.4541334412291286
13.0837958740595,0.6776567505621897,0.730437753442738,258.062118988922,0.5946426245392729
8.83397278625753,0.8089566243720596,0.7935170615669722,391.3483417358584,0.6348858305847984
28.453599208864702,0.5744354673494273,0.8787403032724199,238.32243936416998,0.7242492898863356
22.908173824792826,0.41322055854226347,0.5381033576108873,368.4372628343904,0.5390686791803249
4.203395272993577,0.430097472678899,0.4423447245123434,422.17201721839166,0.30348219407618543
26.054039276937385,0.6564945171974454,0.4602361072184249,478.7024978768963,0.6935104715364376
14.62293594748541,0.10257461088342296,0.7700970664788103,260.08491033986877,0.32387326534882127
26.83656680682274,0.5956714699678726,0.8534235732045088,413.3191931824191,0.7523896689238642
23.995657678419455,0.3843944083530859,0.3452911742052821,206.37138025284753,0.47629788938480433
12.756405134077003,0.7353578650216674,0.4967528065262122,496.13292151745935,0.6696327602213951
0.674079249603522,0.17439251185850574,0.9215521573993202,110.30783950574046,0.17610913545385098
8.060320781548382,0.5705618135587124,0.8453548157557915,341.4115226004484,0.5621988022173434
16.249026439826007,0.484778311908899,0.9878867222099807,363.80239266053087,0.5793081586404298
19.00434659478442,0.6138604207241819,0.8033986077456647,375.21822282965155,0.6776732914957979
7.736630562996068,0.1518828755863747,0.5145561608223379,148.1550315156356,0.2389045910077151
4.180682222184724,0.563987029942505,0.6725102671957102,475.41191338925216,0.5057900325268768
25.047907103978975,0.549187670367619,0.7288114033978563,172.47331162003312,0.6318329217491975
29.532065421106562,0.5485280755329368,0.26276465305369917,349.10136129593644,0.6071784473422466
15.770705469080575,0.5827901332771639,0.635597567283092,189.07043164923397,0.5981906889961376
5.150378575449105,0.6411743497810898,0.7674566627780877,222.88656680850835,0.4991658615363484
8.169219795581068,0.7439911997446158,0.3338570432008483,318.58341669124974,0.5377360356033783
0.551720296424002,0.31585657610257145,0.8245053739404458,266.8773674258306,0.3450235254561653
27.42896419681497,0.7600395281440496,0.6670182244112893,164.0902403906025,0.7314147624878602
3.532532486704234,0.49860454581076297,0.9617774285580758,168.37456096833932,0.45530575910635535
17.295494265427607,0.16164662330746493,0.23393783856551337,267.2579152651199,0.29207932680708876
8.22165662061618,0.14684074339518338,0.4122609100443736,402.9131913102003,0.25137514265485345
16.6253400754738,0.36739065495684864,0.6812431034398593,459.1858587391154,0.49920179505305934
19.542611650555926,0.7279175816891741,0.4372479297647446,133.65106490375314,0.584171824084419
24.892254111216047,0.6661447477927326,0.7715393312569938,257.2415630237604,0.6940158987904328
6.1926381528180965,0.7308919717379252,0.8072042260175449,140.09822548915065,0.5939974662583132
0.32987485975441433,0.5138152451532875,0.2820127712531796,106.63699225303915,0.32992364655133855
4.106568902064218,0.45215919836439245,0.6110835713654141,364.6874730575826,0.3900145707200313
27.000559255443154,0.21796202136502718,0.6071124444728447,340.9797767866351,0.5074696457615879
26.216702326875456,0.3625542028874492,0.4954246161724329,165.2076455259545,0.5170814976599947
17.922393065109247,0.44721549293910023,0.9463398900557378,193.52513323722565,0.5971708038584959
18.0155058130096,0.1708803437436938,0.862005055898577,109.48310145780735,0.39007079873513045
19.951100236387664,0.276489562168969,0.7577675055277096,433.9788822777615,0.5001235323262833
5.261138358703487,0.5785802352509911,0.771461308587998,489.8762384194206,0.5407361316274197
27.432358377748795,0.6885304913913519,0.5693729150504954,154.18381471787632,0.6874465990250955
12.563115746762193,0.8986780091143597,0.9367956168772607,192.59008550611924,0.7738269407795626
11.494155847484924,0.8464906650748462,0.7556763418026284,447.3638095787736,0.649044976187712
15.567531158485126,0.6140521596281532,0.7831848493246532,470.58551918247394,0.6753915726288191
1.4089790032516514,0.43699844263525767,0.8893527230298763,267.85095312272415,0.3757930214264081
4.988501062682382,0.6089418917665862,0.4192572714737528,120.24898890762965,0.41249470840987507
22.141008492791112,0.7285212944641856,0.8456567230933625,115.75673347712777,0.6577885271731608
2.483960037753794,0.19466895273870988,0.35619248236519363,329.57994642760417,0.19065660088379166
18.094563283991647,0.4279239117570306,0.4762735617959103,257.15804355727164,0.45479918250167073
7.360473290439629,0.7718418285084938,0.4684883634158742,111.4609710310618,0.5130021326887028
11.678868421259295,0.4070663615464353,0.9828203747113124,333.3009569250227,0.49278821183446886
8.660812103120996,0.5574978169817493,0.8852297789983414,104.52101463560899,0.5274403716354741
10.670181493948474,0.5702154886897586,0.7609358892722078,414.94878325970916,0.5515466411246776
21.571377155527365,0.2475810025069115,0.7816454092923122,222.5731290813486,0.4813030249397783
8.913651468695251,0.3897883533218307,0.6496582355220568,116.10320120369283,0.3506267451612711
16.992139208906917,0.3676090309935457,0.9576725336868153,335.34088839326137,0.50037177599994
14.28151206597299,0.12095736682565184,0.5970070023058893,259.0737657732219,0.36669082569063133
19.910134960879443,0.1193534111130842,0.5044141678959156,489.5201653428598,0.361074169974684
28.10489217974274,0.7653576349406188,0.3304282695452728,317.6794650014809,0.7901881603864318
21.97716291630751,0.3184566479782499,0.8289645218088464,210.09567241480332,0.5098147545089514
6.448211357722703,0.5144630129910523,0.7875551456604732,383.7755458535899,0.475387473237828
0.9354940518385402,0.33898045887101846,0.5074840308193079,208.59680101708454,0.3006533295108243
7.867921328994752,0.8525433960922725,0.2201547311673835,461.69731656302605,0.6213430582397291
17.852337921007646,0.307437407092619,0.8711978621744085,249.88878820295056,0.47833348379954344
1.5427744045275105,0.44372545019114806,0.2091343867632589,319.9474251104821,0.28450676368850214
14.89098741603709,0.7981842003876815,0.7629598237032409,120.22924152969154,0.6632969896452429
17.905285467506676,0.773546853433447,0.9762056877808456,270.44849518089234,0.7437019223034921
10.027316724508825,0.24888113427702185,0.5501290625185629,432.945415864398,0.375590381350526
23.12736611237466,0.7421146478365683,0.38797872399676225,422.25952214533675,0.7009371296795367
3.1979475940131543,0.46654950939031414,0.7638968080347055,189.7274235414105,0.4096212687238654
2.254133452074263,0.48637509766828424,0.8537025136124681,190.43162840422508,0.45423900591541133
21.8456626861081,0.20678397793275505,0.6371442528622779,426.9221248852947,0.4697248077354056
14.864739486185954,0.16448121100569973,0.9736282202049169,472.1593680677302,0.4328017400840565
20.65207189283208,0.6823514455790122,0.24133497732636888,138.14436850920143,0.5430974096277306
13.044820158112387,0.4971689218842398,0.6038364786436226,280.0234557704901,0.4131891621862265
7.392060997173204,0.4494805620921437,0.7747631578580401,234.98171158569158,0.44339935052162643
24.573069530225993,0.6836065829219173,0.8901123769193433,448.27538218297576,0.7617405391355658
23.982476369069378,0.7124103191928878,0.34340448952623204,133.4099658720075,0.6362733622026311
20.840894125632804,0.22712653413548287,0.8400027854109451,184.45037702321497,0.4658348293892034
8.164354116898881,0.588180119582113,0.6421656605748363,400.9873350345977,0.5078697550496882
17.706920006072615,0.20828326582214843,0.5172429455919706,120.51753959248623,0.3951953747786737
10.829216908200804,0.7011000688232366,0.30537202286327486,297.0141522857157,0.5318581020066014
2.7474621997990245,0.6255641250137116,0.8922366071271299,276.842813871888,0.47378982875579645
27.519407263867283,0.8652916968667664,0.3258185665437723,233.76047159549947,0.803137752171838
4.104558927568842,0.15516641308513696,0.4478302873672794,257.8289261275695,0.19901802244090894
28.50712061462407,0.14564377692100347,0.43203642556994953,311.97623477209316,0.4649916882989158
13.380173188738672,0.32574965975456016,0.8971312273526835,164.54694335535325,0.42499229260120447
